battery_id,cycle_index,ambient_temp_c,timestamp,re_ohm,rct_ohm,source_mat_path
B0005,40,24.0,2008-04-18T20:55:29Z,0.04466870036616091,0.06945627304536996,C:\Users\Craig\OneDrive\Desktop\Alnoris BMSx\Data\_extracted\nasa_ames\1. BatteryAgingARC-FY08Q4\B0005.mat
B0005,42,24.0,2008-04-18T22:39:16Z,0.04668700162486933,0.07627474098530587,C:\Users\Craig\OneDrive\Desktop\Alnoris BMSx\Data\_extracted\nasa_ames\1. BatteryAgingARC-FY08Q4\B0005.mat
B0005,44,24.0,2008-04-19T02:14:27Z,0.044843430573346096,0.0679720560130687,C:\Users\Craig\OneDrive\Desktop\Alnoris BMSx\Data\_extracted\nasa_ames\1. BatteryAgingARC-FY08Q4\B0005.mat
B0005,46,24.0,2008-04-19T03:57:24Z,0.04619468955099375,0.07453388918437964,C:\Users\Craig\OneDrive\Desktop\Alnoris BMSx\Data\_extracted\nasa_ames\1. BatteryAgingARC-FY08Q4\B0005.mat
B0005,48,24.0,2008-04-19T07:32:33Z,0.04510114851143001,0.06852832896000328,C:\Users\Craig\OneDrive\Desktop\Alnoris BMSx\Data\_extracted\nasa_ames\1. BatteryAgingARC-FY08Q4\B0005.mat
B0005,50,24.0,2008-04-19T09:15:10Z,0.04599074473076839,0.07342664108773311,C:\Users\Craig\OneDrive\Desktop\Alnoris BMSx\Data\_extracted\nasa_ames\1. BatteryAgingARC-FY08Q4\B0005.mat
B0005,52,24.0,2008-04-19T12:47:00Z,0.044172075577171746,0.06804449516996176,C:\Users\Craig\OneDrive\Desktop\Alnoris BMSx\Data\_extracted\nasa_ames\1. BatteryAgingARC-FY08Q4\B0005.mat
B0005,54,24.0,2008-04-19T14:28:58Z,0.0452171085992494,0.07464778408413367,C:\Users\Craig\OneDrive\Desktop\Alnoris BMSx\Data\_extracted\nasa_ames\1. BatteryAgingARC-FY08Q4\B0005.mat
B0005,56,24.0,2008-04-19T18:12:47Z,0.043786628196075913,0.06845021227072765,C:\Users\Craig\OneDrive\Desktop\Alnoris BMSx\Data\_extracted\nasa_ames\1. BatteryAgingARC-FY08Q4\B0005.mat
B0005,58,24.0,2008-04-19T19:55:05Z,0.04490994541365791,0.07395687603254197,C:\Users\Craig\OneDrive\Desktop\Alnoris BMSx\Data\_extracted\nasa_ames\1. BatteryAgingARC-FY08Q4\B0005.mat
B0005,60,24.0,2008-04-19T23:27:13Z,0.04463932198878524,0.0683410113732366,C:\Users\Craig\OneDrive\Desktop\Alnoris BMSx\Data\_extracted\nasa_ames\1. BatteryAgingARC-FY08Q4\B0005.mat
B0005,62,24.0,2008-04-20T01:08:11Z,0.04717044086931744,0.07208112164479205,C:\Users\Craig\OneDrive\Desktop\Alnoris BMSx\Data\_extracted\nasa_ames\1. BatteryAgingARC-FY08Q4\B0005.mat
B0005,64,24.0,2008-04-20T04:39:59Z,0.043558785775475374,0.06868237655872211,C:\Users\Craig\OneDrive\Desktop\Alnoris BMSx\Data\_extracted\nasa_ames\1. BatteryAgingARC-FY08Q4\B0005.mat
B0005,66,24.0,2008-04-20T06:20:57Z,0.04648969708635643,0.07102909339339247,C:\Users\Craig\OneDrive\Desktop\Alnoris BMSx\Data\_extracted\nasa_ames\1. BatteryAgingARC-FY08Q4\B0005.mat
B0005,68,24.0,2008-04-20T10:01:46Z,0.04526547818261783,0.0681437253042456,C:\Users\Craig\OneDrive\Desktop\Alnoris BMSx\Data\_extracted\nasa_ames\1. BatteryAgingARC-FY08Q4\B0005.mat
B0005,70,24.0,2008-04-20T11:42:26Z,0.0463622366817154,0.07193029860543036,C:\Users\Craig\OneDrive\Desktop\Alnoris BMSx\Data\_extracted\nasa_ames\1. BatteryAgingARC-FY08Q4\B0005.mat
B0005,72,24.0,2008-04-20T15:22:22Z,0.044483715777434665,0.06782555719716843,C:\Users\Craig\OneDrive\Desktop\Alnoris BMSx\Data\_extracted\nasa_ames\1. BatteryAgingARC-FY08Q4\B0005.mat
B0005,74,24.0,2008-04-20T17:03:01Z,0.04482791300205649,0.07288826952758304,C:\Users\Craig\OneDrive\Desktop\Alnoris BMSx\Data\_extracted\nasa_ames\1. BatteryAgingARC-FY08Q4\B0005.mat
B0005,76,24.0,2008-04-20T20:35:56Z,0.04441416485910045,0.06885805241213436,C:\Users\Craig\OneDrive\Desktop\Alnoris BMSx\Data\_extracted\nasa_ames\1. BatteryAgingARC-FY08Q4\B0005.mat
B0005,78,24.0,2008-04-20T22:16:35Z,0.04466450679894579,0.0727868237536811,C:\Users\Craig\OneDrive\Desktop\Alnoris BMSx\Data\_extracted\nasa_ames\1. BatteryAgingARC-FY08Q4\B0005.mat
B0005,80,24.0,2008-04-21T02:00:19Z,0.04453544590029642,0.06779434699116274,C:\Users\Craig\OneDrive\Desktop\Alnoris BMSx\Data\_extracted\nasa_ames\1. BatteryAgingARC-FY08Q4\B0005.mat
B0005,82,24.0,2008-04-21T03:26:58Z,0.04502135245555801,0.06940408185539676,C:\Users\Craig\OneDrive\Desktop\Alnoris BMSx\Data\_extracted\nasa_ames\1. BatteryAgingARC-FY08Q4\B0005.mat
B0005,86,24.0,2008-04-22T16:33:03Z,0.04610646564263781,0.07041083307756363,C:\Users\Craig\OneDrive\Desktop\Alnoris BMSx\Data\_extracted\nasa_ames\1. BatteryAgingARC-FY08Q4\B0005.mat
B0005,88,24.0,2008-04-22T19:54:32Z,0.04646251600050638,0.06993774302336724,C:\Users\Craig\OneDrive\Desktop\Alnoris BMSx\Data\_extracted\nasa_ames\1. BatteryAgingARC-FY08Q4\B0005.mat
B0005,90,24.0,2008-04-22T21:24:34Z,0.04766732499763113,0.06870142026856427,C:\Users\Craig\OneDrive\Desktop\Alnoris BMSx\Data\_extracted\nasa_ames\1. BatteryAgingARC-FY08Q4\B0005.mat
B0005,92,24.0,2008-04-23T00:46:24Z,0.04772385451119983,0.06950417544214327,C:\Users\Craig\OneDrive\Desktop\Alnoris BMSx\Data\_extracted\nasa_ames\1. BatteryAgingARC-FY08Q4\B0005.mat
B0005,94,24.0,2008-04-23T02:16:08Z,0.04786769518725868,0.06782851501053842,C:\Users\Craig\OneDrive\Desktop\Alnoris BMSx\Data\_extracted\nasa_ames\1. BatteryAgingARC-FY08Q4\B0005.mat
B0005,96,24.0,2008-04-23T05:46:32Z,0.04694022963323793,0.069661211991841,C:\Users\Craig\OneDrive\Desktop\Alnoris BMSx\Data\_extracted\nasa_ames\1. BatteryAgingARC-FY08Q4\B0005.mat
B0005,98,24.0,2008-04-23T07:16:07Z,0.045613419083722975,0.0690386303340568,C:\Users\Craig\OneDrive\Desktop\Alnoris BMSx\Data\_extracted\nasa_ames\1. BatteryAgingARC-FY08Q4\B0005.mat
B0005,100,24.0,2008-04-23T10:36:13Z,0.04702798243208013,0.07112946749607083,C:\Users\Craig\OneDrive\Desktop\Alnoris BMSx\Data\_extracted\nasa_ames\1. BatteryAgingARC-FY08Q4\B0005.mat
B0005,102,24.0,2008-04-23T12:05:30Z,0.04672887233883059,0.06971129972921941,C:\Users\Craig\OneDrive\Desktop\Alnoris BMSx\Data\_extracted\nasa_ames\1. BatteryAgingARC-FY08Q4\B0005.mat
B0005,104,24.0,2008-04-23T15:34:37Z,0.047755380262671634,0.07167079612312527,C:\Users\Craig\OneDrive\Desktop\Alnoris BMSx\Data\_extracted\nasa_ames\1. BatteryAgingARC-FY08Q4\B0005.mat
B0005,106,24.0,2008-04-23T17:03:55Z,0.04691622519628201,0.06913343554751465,C:\Users\Craig\OneDrive\Desktop\Alnoris BMSx\Data\_extracted\nasa_ames\1. BatteryAgingARC-FY08Q4\B0005.mat
B0005,108,24.0,2008-04-23T20:31:10Z,0.047022939446838434,0.06976696183555635,C:\Users\Craig\OneDrive\Desktop\Alnoris BMSx\Data\_extracted\nasa_ames\1. BatteryAgingARC-FY08Q4\B0005.mat
B0005,110,24.0,2008-04-23T22:00:19Z,0.046604793185003,0.06852215228822905,C:\Users\Craig\OneDrive\Desktop\Alnoris BMSx\Data\_extracted\nasa_ames\1. BatteryAgingARC-FY08Q4\B0005.mat
B0005,112,24.0,2008-04-24T01:19:46Z,0.046245370477528074,0.0719248993978976,C:\Users\Craig\OneDrive\Desktop\Alnoris BMSx\Data\_extracted\nasa_ames\1. BatteryAgingARC-FY08Q4\B0005.mat
B0005,114,24.0,2008-04-24T02:48:35Z,0.04683293993011124,0.06946896899621643,C:\Users\Craig\OneDrive\Desktop\Alnoris BMSx\Data\_extracted\nasa_ames\1. BatteryAgingARC-FY08Q4\B0005.mat
B0005,116,24.0,2008-04-24T06:18:12Z,0.04618610336751238,0.07193787056034481,C:\Users\Craig\OneDrive\Desktop\Alnoris BMSx\Data\_extracted\nasa_ames\1. BatteryAgingARC-FY08Q4\B0005.mat
B0005,118,24.0,2008-04-24T07:46:53Z,0.04624136663986422,0.06934916902797013,C:\Users\Craig\OneDrive\Desktop\Alnoris BMSx\Data\_extracted\nasa_ames\1. BatteryAgingARC-FY08Q4\B0005.mat
B0005,120,24.0,2008-04-24T11:17:36Z,0.04773737014313117,0.0703395836124857,C:\Users\Craig\OneDrive\Desktop\Alnoris BMSx\Data\_extracted\nasa_ames\1. BatteryAgingARC-FY08Q4\B0005.mat
B0005,122,24.0,2008-04-24T12:46:08Z,0.049427483436388156,0.0695498357572787,C:\Users\Craig\OneDrive\Desktop\Alnoris BMSx\Data\_extracted\nasa_ames\1. BatteryAgingARC-FY08Q4\B0005.mat
B0005,124,24.0,2008-04-24T16:14:07Z,0.04838334154876506,0.06973812701544792,C:\Users\Craig\OneDrive\Desktop\Alnoris BMSx\Data\_extracted\nasa_ames\1. BatteryAgingARC-FY08Q4\B0005.mat
B0005,126,24.0,2008-04-24T17:42:40Z,0.04747841688797767,0.06488297170955903,C:\Users\Craig\OneDrive\Desktop\Alnoris BMSx\Data\_extracted\nasa_ames\1. BatteryAgingARC-FY08Q4\B0005.mat
B0005,128,24.0,2008-04-24T21:06:22Z,0.048037510039299486,0.07012511424776673,C:\Users\Craig\OneDrive\Desktop\Alnoris BMSx\Data\_extracted\nasa_ames\1. BatteryAgingARC-FY08Q4\B0005.mat
B0005,130,24.0,2008-04-24T22:34:45Z,0.047703621105183044,0.06859813037774799,C:\Users\Craig\OneDrive\Desktop\Alnoris BMSx\Data\_extracted\nasa_ames\1. BatteryAgingARC-FY08Q4\B0005.mat
B0005,132,24.0,2008-04-25T01:57:07Z,0.048086960073381944,0.0697134641311117,C:\Users\Craig\OneDrive\Desktop\Alnoris BMSx\Data\_extracted\nasa_ames\1. BatteryAgingARC-FY08Q4\B0005.mat
B0005,136,24.0,2008-04-25T21:00:31Z,0.04815104655957722,0.06772207819825936,C:\Users\Craig\OneDrive\Desktop\Alnoris BMSx\Data\_extracted\nasa_ames\1. BatteryAgingARC-FY08Q4\B0005.mat
B0005,138,24.0,2008-04-26T00:32:46Z,0.04754728174038817,0.07318009891168203,C:\Users\Craig\OneDrive\Desktop\Alnoris BMSx\Data\_extracted\nasa_ames\1. BatteryAgingARC-FY08Q4\B0005.mat
B0005,140,24.0,2008-04-26T02:00:52Z,0.04759013382319219,0.06914272874669278,C:\Users\Craig\OneDrive\Desktop\Alnoris BMSx\Data\_extracted\nasa_ames\1. BatteryAgingARC-FY08Q4\B0005.mat
B0005,142,24.0,2008-04-26T05:25:46Z,0.04764092098948851,0.07165247326552959,C:\Users\Craig\OneDrive\Desktop\Alnoris BMSx\Data\_extracted\nasa_ames\1. BatteryAgingARC-FY08Q4\B0005.mat
B0005,144,24.0,2008-04-26T06:53:34Z,0.04764024061757782,0.06898277923910441,C:\Users\Craig\OneDrive\Desktop\Alnoris BMSx\Data\_extracted\nasa_ames\1. BatteryAgingARC-FY08Q4\B0005.mat
B0005,146,24.0,2008-04-26T10:26:36Z,0.04842436953177311,0.07249983749010006,C:\Users\Craig\OneDrive\Desktop\Alnoris BMSx\Data\_extracted\nasa_ames\1. BatteryAgingARC-FY08Q4\B0005.mat
B0005,150,24.0,2008-04-29T13:12:54Z,0.04893386185534073,0.06795990180113623,C:\Users\Craig\OneDrive\Desktop\Alnoris BMSx\Data\_extracted\nasa_ames\1. BatteryAgingARC-FY08Q4\B0005.mat
B0005,152,24.0,2008-04-29T16:33:38Z,0.04943074564871873,0.0701407541984291,C:\Users\Craig\OneDrive\Desktop\Alnoris BMSx\Data\_extracted\nasa_ames\1. BatteryAgingARC-FY08Q4\B0005.mat
B0005,154,24.0,2008-04-29T18:02:21Z,0.049323007176718225,0.06895642914528509,C:\Users\Craig\OneDrive\Desktop\Alnoris BMSx\Data\_extracted\nasa_ames\1. BatteryAgingARC-FY08Q4\B0005.mat
B0005,156,24.0,2008-04-29T21:28:15Z,0.04974822543014387,0.07112993844977841,C:\Users\Craig\OneDrive\Desktop\Alnoris BMSx\Data\_extracted\nasa_ames\1. BatteryAgingARC-FY08Q4\B0005.mat
B0005,158,24.0,2008-04-29T22:56:30Z,0.04912202877042455,0.06890956847456893,C:\Users\Craig\OneDrive\Desktop\Alnoris BMSx\Data\_extracted\nasa_ames\1. BatteryAgingARC-FY08Q4\B0005.mat
B0005,160,24.0,2008-04-30T02:12:05Z,0.04988486594475391,0.07198302765125617,C:\Users\Craig\OneDrive\Desktop\Alnoris BMSx\Data\_extracted\nasa_ames\1. BatteryAgingARC-FY08Q4\B0005.mat
B0005,162,24.0,2008-04-30T03:40:03Z,0.047859449246718755,0.06977255608528674,C:\Users\Craig\OneDrive\Desktop\Alnoris BMSx\Data\_extracted\nasa_ames\1. BatteryAgingARC-FY08Q4\B0005.mat
B0005,164,24.0,2008-04-30T07:09:52Z,0.04921638093217895,0.07146374397937286,C:\Users\Craig\OneDrive\Desktop\Alnoris BMSx\Data\_extracted\nasa_ames\1. BatteryAgingARC-FY08Q4\B0005.mat
B0005,166,24.0,2008-04-30T08:37:42Z,0.04887229013423192,0.06876809153866811,C:\Users\Craig\OneDrive\Desktop\Alnoris BMSx\Data\_extracted\nasa_ames\1. BatteryAgingARC-FY08Q4\B0005.mat
B0005,168,24.0,2008-04-30T11:56:59Z,0.04994593893656341,0.07088704261645878,C:\Users\Craig\OneDrive\Desktop\Alnoris BMSx\Data\_extracted\nasa_ames\1. BatteryAgingARC-FY08Q4\B0005.mat
B0005,170,24.0,2008-04-30T13:24:39Z,0.048296439195350184,0.0673151471016695,C:\Users\Craig\OneDrive\Desktop\Alnoris BMSx\Data\_extracted\nasa_ames\1. BatteryAgingARC-FY08Q4\B0005.mat
B0005,172,24.0,2008-04-30T16:48:25Z,0.048969605147940264,0.07178168505217358,C:\Users\Craig\OneDrive\Desktop\Alnoris BMSx\Data\_extracted\nasa_ames\1. BatteryAgingARC-FY08Q4\B0005.mat
B0005,174,24.0,2008-04-30T18:16:07Z,0.04814709226602492,0.0684158918231915,C:\Users\Craig\OneDrive\Desktop\Alnoris BMSx\Data\_extracted\nasa_ames\1. BatteryAgingARC-FY08Q4\B0005.mat
B0005,176,24.0,2008-04-30T21:43:03Z,0.05022937602514056,0.0718319241428618,C:\Users\Craig\OneDrive\Desktop\Alnoris BMSx\Data\_extracted\nasa_ames\1. BatteryAgingARC-FY08Q4\B0005.mat
B0005,178,24.0,2008-04-30T23:10:36Z,0.04845430020206581,0.06777935051052719,C:\Users\Craig\OneDrive\Desktop\Alnoris BMSx\Data\_extracted\nasa_ames\1. BatteryAgingARC-FY08Q4\B0005.mat
B0005,180,24.0,2008-05-01T02:43:42Z,0.04971526662508074,0.07139027154395669,C:\Users\Craig\OneDrive\Desktop\Alnoris BMSx\Data\_extracted\nasa_ames\1. BatteryAgingARC-FY08Q4\B0005.mat
B0005,182,24.0,2008-05-01T04:11:07Z,0.04868025293328389,0.06583444846364324,C:\Users\Craig\OneDrive\Desktop\Alnoris BMSx\Data\_extracted\nasa_ames\1. BatteryAgingARC-FY08Q4\B0005.mat
B0005,184,24.0,2008-05-01T07:44:12Z,0.04913216601843565,0.0724518691988788,C:\Users\Craig\OneDrive\Desktop\Alnoris BMSx\Data\_extracted\nasa_ames\1. BatteryAgingARC-FY08Q4\B0005.mat
B0005,186,24.0,2008-05-01T09:11:27Z,0.049918728983506716,0.06876463309502395,C:\Users\Craig\OneDrive\Desktop\Alnoris BMSx\Data\_extracted\nasa_ames\1. BatteryAgingARC-FY08Q4\B0005.mat
B0005,188,24.0,2008-05-01T12:42:34Z,0.04920968322529824,0.07304025099509703,C:\Users\Craig\OneDrive\Desktop\Alnoris BMSx\Data\_extracted\nasa_ames\1. BatteryAgingARC-FY08Q4\B0005.mat
B0005,190,24.0,2008-05-01T14:09:50Z,0.04943664953959982,0.06892300885560772,C:\Users\Craig\OneDrive\Desktop\Alnoris BMSx\Data\_extracted\nasa_ames\1. BatteryAgingARC-FY08Q4\B0005.mat
B0005,192,24.0,2008-05-01T17:39:20Z,0.04950631616559385,0.07251082944035009,C:\Users\Craig\OneDrive\Desktop\Alnoris BMSx\Data\_extracted\nasa_ames\1. BatteryAgingARC-FY08Q4\B0005.mat
B0005,194,24.0,2008-05-01T19:06:26Z,0.04940333988784369,0.06864846238725138,C:\Users\Craig\OneDrive\Desktop\Alnoris BMSx\Data\_extracted\nasa_ames\1. BatteryAgingARC-FY08Q4\B0005.mat
B0005,196,24.0,2008-05-01T22:38:24Z,0.04865176277959679,0.07201762091170956,C:\Users\Craig\OneDrive\Desktop\Alnoris BMSx\Data\_extracted\nasa_ames\1. BatteryAgingARC-FY08Q4\B0005.mat
B0005,198,24.0,2008-05-02T00:05:31Z,0.04915501980244644,0.06913086863703587,C:\Users\Craig\OneDrive\Desktop\Alnoris BMSx\Data\_extracted\nasa_ames\1. BatteryAgingARC-FY08Q4\B0005.mat
B0005,200,24.0,2008-05-02T03:21:43Z,0.04916575568371288,0.07316993618002728,C:\Users\Craig\OneDrive\Desktop\Alnoris BMSx\Data\_extracted\nasa_ames\1. BatteryAgingARC-FY08Q4\B0005.mat
B0005,202,24.0,2008-05-02T04:48:33Z,0.04870161283727027,0.06859455507457586,C:\Users\Craig\OneDrive\Desktop\Alnoris BMSx\Data\_extracted\nasa_ames\1. BatteryAgingARC-FY08Q4\B0005.mat
B0005,204,24.0,2008-05-02T08:12:49Z,0.04923427342088277,0.07277120733743579,C:\Users\Craig\OneDrive\Desktop\Alnoris BMSx\Data\_extracted\nasa_ames\1. BatteryAgingARC-FY08Q4\B0005.mat
B0005,206,24.0,2008-05-02T09:39:40Z,0.04885677345766941,0.06871570767989431,C:\Users\Craig\OneDrive\Desktop\Alnoris BMSx\Data\_extracted\nasa_ames\1. BatteryAgingARC-FY08Q4\B0005.mat
B0005,208,24.0,2008-05-02T13:11:13Z,0.0505475864921389,0.07270866794574943,C:\Users\Craig\OneDrive\Desktop\Alnoris BMSx\Data\_extracted\nasa_ames\1. BatteryAgingARC-FY08Q4\B0005.mat
B0005,210,24.0,2008-05-02T14:37:55Z,0.0506497585783765,0.06853536104799454,C:\Users\Craig\OneDrive\Desktop\Alnoris BMSx\Data\_extracted\nasa_ames\1. BatteryAgingARC-FY08Q4\B0005.mat
B0005,212,24.0,2008-05-02T18:11:03Z,0.050118814742107526,0.07301041089661342,C:\Users\Craig\OneDrive\Desktop\Alnoris BMSx\Data\_extracted\nasa_ames\1. BatteryAgingARC-FY08Q4\B0005.mat
B0005,216,24.0,2008-05-03T00:18:59Z,0.04913242687695094,0.0693303248319639,C:\Users\Craig\OneDrive\Desktop\Alnoris BMSx\Data\_extracted\nasa_ames\1. BatteryAgingARC-FY08Q4\B0005.mat
B0005,218,24.0,2008-05-03T03:41:16Z,0.049792567319026114,0.07343650361620202,C:\Users\Craig\OneDrive\Desktop\Alnoris BMSx\Data\_extracted\nasa_ames\1. BatteryAgingARC-FY08Q4\B0005.mat
B0005,220,24.0,2008-05-03T05:07:41Z,0.049633135916243465,0.06881429671018138,C:\Users\Craig\OneDrive\Desktop\Alnoris BMSx\Data\_extracted\nasa_ames\1. BatteryAgingARC-FY08Q4\B0005.mat
B0005,222,24.0,2008-05-03T08:38:27Z,0.049865378066600005,0.0732133898164959,C:\Users\Craig\OneDrive\Desktop\Alnoris BMSx\Data\_extracted\nasa_ames\1. BatteryAgingARC-FY08Q4\B0005.mat
B0005,224,24.0,2008-05-03T10:04:43Z,0.048921290356402275,0.06883931362761586,C:\Users\Craig\OneDrive\Desktop\Alnoris BMSx\Data\_extracted\nasa_ames\1. BatteryAgingARC-FY08Q4\B0005.mat
B0005,226,24.0,2008-05-03T13:32:41Z,0.049811932785538866,0.07459618605206403,C:\Users\Craig\OneDrive\Desktop\Alnoris BMSx\Data\_extracted\nasa_ames\1. BatteryAgingARC-FY08Q4\B0005.mat
B0005,228,24.0,2008-05-03T14:58:49Z,0.04975125749803476,0.06863892419996058,C:\Users\Craig\OneDrive\Desktop\Alnoris BMSx\Data\_extracted\nasa_ames\1. BatteryAgingARC-FY08Q4\B0005.mat
B0005,230,24.0,2008-05-03T18:26:20Z,0.04850673488997184,0.07458309776342148,C:\Users\Craig\OneDrive\Desktop\Alnoris BMSx\Data\_extracted\nasa_ames\1. BatteryAgingARC-FY08Q4\B0005.mat
B0005,232,24.0,2008-05-03T19:52:28Z,0.04915918196298162,0.06906734479973246,C:\Users\Craig\OneDrive\Desktop\Alnoris BMSx\Data\_extracted\nasa_ames\1. BatteryAgingARC-FY08Q4\B0005.mat
B0005,234,24.0,2008-05-03T23:10:37Z,0.050023074203339506,0.0736638387977965,C:\Users\Craig\OneDrive\Desktop\Alnoris BMSx\Data\_extracted\nasa_ames\1. BatteryAgingARC-FY08Q4\B0005.mat
B0005,236,24.0,2008-05-04T00:36:36Z,0.04970808709656559,0.06830006146095657,C:\Users\Craig\OneDrive\Desktop\Alnoris BMSx\Data\_extracted\nasa_ames\1. BatteryAgingARC-FY08Q4\B0005.mat
B0005,238,24.0,2008-05-04T04:09:47Z,0.05020469043786587,0.07371885821597624,C:\Users\Craig\OneDrive\Desktop\Alnoris BMSx\Data\_extracted\nasa_ames\1. BatteryAgingARC-FY08Q4\B0005.mat
B0005,240,24.0,2008-05-04T05:35:36Z,0.048950660803835325,0.06963267386152323,C:\Users\Craig\OneDrive\Desktop\Alnoris BMSx\Data\_extracted\nasa_ames\1. BatteryAgingARC-FY08Q4\B0005.mat
B0005,242,24.0,2008-05-04T09:08:18Z,0.04975857340773159,0.07465617760875586,C:\Users\Craig\OneDrive\Desktop\Alnoris BMSx\Data\_extracted\nasa_ames\1. BatteryAgingARC-FY08Q4\B0005.mat
B0005,244,24.0,2008-05-04T10:34:08Z,0.049808396255372756,0.06902298762939403,C:\Users\Craig\OneDrive\Desktop\Alnoris BMSx\Data\_extracted\nasa_ames\1. BatteryAgingARC-FY08Q4\B0005.mat
B0005,246,24.0,2008-05-04T14:06:20Z,0.04968675503783295,0.07355425821939737,C:\Users\Craig\OneDrive\Desktop\Alnoris BMSx\Data\_extracted\nasa_ames\1. BatteryAgingARC-FY08Q4\B0005.mat
B0005,248,24.0,2008-05-04T15:32:01Z,0.05059411389974348,0.06858328460478416,C:\Users\Craig\OneDrive\Desktop\Alnoris BMSx\Data\_extracted\nasa_ames\1. BatteryAgingARC-FY08Q4\B0005.mat
B0005,250,24.0,2008-05-04T19:05:14Z,0.04995005707049774,0.0746229428074614,C:\Users\Craig\OneDrive\Desktop\Alnoris BMSx\Data\_extracted\nasa_ames\1. BatteryAgingARC-FY08Q4\B0005.mat
B0005,252,24.0,2008-05-04T20:30:47Z,0.04984421041201089,0.07014070107890119,C:\Users\Craig\OneDrive\Desktop\Alnoris BMSx\Data\_extracted\nasa_ames\1. BatteryAgingARC-FY08Q4\B0005.mat
B0005,254,24.0,2008-05-05T00:04:00Z,0.050282564251258356,0.07360391142336822,C:\Users\Craig\OneDrive\Desktop\Alnoris BMSx\Data\_extracted\nasa_ames\1. BatteryAgingARC-FY08Q4\B0005.mat
B0005,256,24.0,2008-05-05T01:29:24Z,0.05006270229203594,0.06979118038789997,C:\Users\Craig\OneDrive\Desktop\Alnoris BMSx\Data\_extracted\nasa_ames\1. BatteryAgingARC-FY08Q4\B0005.mat
B0005,258,24.0,2008-05-05T04:56:20Z,0.04992007781904663,0.074642062777058,C:\Users\Craig\OneDrive\Desktop\Alnoris BMSx\Data\_extracted\nasa_ames\1. BatteryAgingARC-FY08Q4\B0005.mat
B0005,260,24.0,2008-05-05T06:21:44Z,0.04921445916482306,0.06990836301107425,C:\Users\Craig\OneDrive\Desktop\Alnoris BMSx\Data\_extracted\nasa_ames\1. BatteryAgingARC-FY08Q4\B0005.mat
B0005,262,24.0,2008-05-05T09:54:58Z,0.05007996435013632,0.07547710929281527,C:\Users\Craig\OneDrive\Desktop\Alnoris BMSx\Data\_extracted\nasa_ames\1. BatteryAgingARC-FY08Q4\B0005.mat
B0005,266,24.0,2008-05-05T21:33:38Z,0.054692185026359336,0.07464599360022733,C:\Users\Craig\OneDrive\Desktop\Alnoris BMSx\Data\_extracted\nasa_ames\1. BatteryAgingARC-FY08Q4\B0005.mat
B0005,268,24.0,2008-05-06T01:06:52Z,0.05487320211540928,0.07934403644117197,C:\Users\Craig\OneDrive\Desktop\Alnoris BMSx\Data\_extracted\nasa_ames\1. BatteryAgingARC-FY08Q4\B0005.mat
B0005,270,24.0,2008-05-06T02:31:59Z,0.05415675281078651,0.07505843667743599,C:\Users\Craig\OneDrive\Desktop\Alnoris BMSx\Data\_extracted\nasa_ames\1. BatteryAgingARC-FY08Q4\B0005.mat
B0005,272,24.0,2008-05-06T06:05:11Z,0.055240499862766274,0.08002359358228964,C:\Users\Craig\OneDrive\Desktop\Alnoris BMSx\Data\_extracted\nasa_ames\1. BatteryAgingARC-FY08Q4\B0005.mat
B0005,274,24.0,2008-05-06T07:30:10Z,0.054542809780562286,0.07592379199991395,C:\Users\Craig\OneDrive\Desktop\Alnoris BMSx\Data\_extracted\nasa_ames\1. BatteryAgingARC-FY08Q4\B0005.mat
B0005,276,24.0,2008-05-06T10:53:26Z,0.055080368328742545,0.08045008161921993,C:\Users\Craig\OneDrive\Desktop\Alnoris BMSx\Data\_extracted\nasa_ames\1. BatteryAgingARC-FY08Q4\B0005.mat
B0005,278,24.0,2008-05-06T12:18:26Z,0.053398671864258646,0.07562889610038578,C:\Users\Craig\OneDrive\Desktop\Alnoris BMSx\Data\_extracted\nasa_ames\1. BatteryAgingARC-FY08Q4\B0005.mat
B0005,280,24.0,2008-05-06T15:51:41Z,0.05484578494342528,0.08099527914390654,C:\Users\Craig\OneDrive\Desktop\Alnoris BMSx\Data\_extracted\nasa_ames\1. BatteryAgingARC-FY08Q4\B0005.mat
B0005,282,24.0,2008-05-06T17:16:40Z,0.055453259476974714,0.0748392292244765,C:\Users\Craig\OneDrive\Desktop\Alnoris BMSx\Data\_extracted\nasa_ames\1. BatteryAgingARC-FY08Q4\B0005.mat
B0005,284,24.0,2008-05-06T20:49:54Z,0.05808949268604193,0.07900611376190819,C:\Users\Craig\OneDrive\Desktop\Alnoris BMSx\Data\_extracted\nasa_ames\1. BatteryAgingARC-FY08Q4\B0005.mat
B0005,286,24.0,2008-05-06T22:14:45Z,0.05703849864055661,0.07445419405660497,C:\Users\Craig\OneDrive\Desktop\Alnoris BMSx\Data\_extracted\nasa_ames\1. BatteryAgingARC-FY08Q4\B0005.mat
B0005,288,24.0,2008-05-07T01:45:30Z,0.05639999430512618,0.08181491967012575,C:\Users\Craig\OneDrive\Desktop\Alnoris BMSx\Data\_extracted\nasa_ames\1. BatteryAgingARC-FY08Q4\B0005.mat
B0005,290,24.0,2008-05-07T03:10:20Z,0.056951772502699796,0.07706935596260868,C:\Users\Craig\OneDrive\Desktop\Alnoris BMSx\Data\_extracted\nasa_ames\1. BatteryAgingARC-FY08Q4\B0005.mat
B0005,292,24.0,2008-05-07T06:32:06Z,0.057159147914507935,0.08086696623694065,C:\Users\Craig\OneDrive\Desktop\Alnoris BMSx\Data\_extracted\nasa_ames\1. BatteryAgingARC-FY08Q4\B0005.mat
B0005,294,24.0,2008-05-07T07:56:39Z,0.05595864562729926,0.07609569637070202,C:\Users\Craig\OneDrive\Desktop\Alnoris BMSx\Data\_extracted\nasa_ames\1. BatteryAgingARC-FY08Q4\B0005.mat
B0005,296,24.0,2008-05-07T11:29:54Z,0.056998793862942924,0.08250100764416027,C:\Users\Craig\OneDrive\Desktop\Alnoris BMSx\Data\_extracted\nasa_ames\1. BatteryAgingARC-FY08Q4\B0005.mat
B0005,298,24.0,2008-05-07T12:54:18Z,0.05699010907560385,0.07648289029638874,C:\Users\Craig\OneDrive\Desktop\Alnoris BMSx\Data\_extracted\nasa_ames\1. BatteryAgingARC-FY08Q4\B0005.mat
B0005,300,24.0,2008-05-07T16:27:34Z,0.05791594677751306,0.08175057083151278,C:\Users\Craig\OneDrive\Desktop\Alnoris BMSx\Data\_extracted\nasa_ames\1. BatteryAgingARC-FY08Q4\B0005.mat
B0005,302,24.0,2008-05-07T17:51:59Z,0.057000769180639774,0.07741124519885696,C:\Users\Craig\OneDrive\Desktop\Alnoris BMSx\Data\_extracted\nasa_ames\1. BatteryAgingARC-FY08Q4\B0005.mat
B0005,304,24.0,2008-05-07T21:24:14Z,0.0585831887959693,0.08269416457353587,C:\Users\Craig\OneDrive\Desktop\Alnoris BMSx\Data\_extracted\nasa_ames\1. BatteryAgingARC-FY08Q4\B0005.mat
B0005,306,24.0,2008-05-07T22:48:38Z,0.05728256542976495,0.07692027721215688,C:\Users\Craig\OneDrive\Desktop\Alnoris BMSx\Data\_extracted\nasa_ames\1. BatteryAgingARC-FY08Q4\B0005.mat
B0005,308,24.0,2008-05-08T02:21:54Z,0.05684411239635824,0.082272625759776,C:\Users\Craig\OneDrive\Desktop\Alnoris BMSx\Data\_extracted\nasa_ames\1. BatteryAgingARC-FY08Q4\B0005.mat
B0005,310,24.0,2008-05-08T03:46:09Z,0.0589529203196688,0.07735170203997428,C:\Users\Craig\OneDrive\Desktop\Alnoris BMSx\Data\_extracted\nasa_ames\1. BatteryAgingARC-FY08Q4\B0005.mat
B0005,311,24.0,2008-05-09T11:53:10Z,0.05667203462955093,0.08291573296417665,C:\Users\Craig\OneDrive\Desktop\Alnoris BMSx\Data\_extracted\nasa_ames\1. BatteryAgingARC-FY08Q4\B0005.mat
B0005,313,24.0,2008-05-09T13:19:35Z,0.058223361510524915,0.07615092115486195,C:\Users\Craig\OneDrive\Desktop\Alnoris BMSx\Data\_extracted\nasa_ames\1. BatteryAgingARC-FY08Q4\B0005.mat
B0005,316,24.0,2008-05-09T21:21:03Z,0.057798377106990255,0.07518971733166918,C:\Users\Craig\OneDrive\Desktop\Alnoris BMSx\Data\_extracted\nasa_ames\1. BatteryAgingARC-FY08Q4\B0005.mat
B0005,318,24.0,2008-05-10T00:49:59Z,0.05869361561103209,0.08099673983388944,C:\Users\Craig\OneDrive\Desktop\Alnoris BMSx\Data\_extracted\nasa_ames\1. BatteryAgingARC-FY08Q4\B0005.mat
B0005,320,24.0,2008-05-10T02:14:42Z,0.0581005359089264,0.07604639902387582,C:\Users\Craig\OneDrive\Desktop\Alnoris BMSx\Data\_extracted\nasa_ames\1. BatteryAgingARC-FY08Q4\B0005.mat
B0005,322,24.0,2008-05-10T05:46:15Z,0.05687355099054793,0.08079234772463807,C:\Users\Craig\OneDrive\Desktop\Alnoris BMSx\Data\_extracted\nasa_ames\1. BatteryAgingARC-FY08Q4\B0005.mat
B0005,324,24.0,2008-05-10T07:10:49Z,0.057819391216989646,0.07620792252066097,C:\Users\Craig\OneDrive\Desktop\Alnoris BMSx\Data\_extracted\nasa_ames\1. BatteryAgingARC-FY08Q4\B0005.mat
B0005,326,24.0,2008-05-10T10:44:07Z,0.058401226760293384,0.0816166339541188,C:\Users\Craig\OneDrive\Desktop\Alnoris BMSx\Data\_extracted\nasa_ames\1. BatteryAgingARC-FY08Q4\B0005.mat
B0005,328,24.0,2008-05-10T12:08:32Z,0.05729597585562558,0.07603115808018222,C:\Users\Craig\OneDrive\Desktop\Alnoris BMSx\Data\_extracted\nasa_ames\1. BatteryAgingARC-FY08Q4\B0005.mat
B0005,330,24.0,2008-05-10T15:39:59Z,0.05713926164978321,0.08203042743610463,C:\Users\Craig\OneDrive\Desktop\Alnoris BMSx\Data\_extracted\nasa_ames\1. BatteryAgingARC-FY08Q4\B0005.mat
B0005,332,24.0,2008-05-10T17:04:16Z,0.057011915661303356,0.07793753101024108,C:\Users\Craig\OneDrive\Desktop\Alnoris BMSx\Data\_extracted\nasa_ames\1. BatteryAgingARC-FY08Q4\B0005.mat
B0005,334,24.0,2008-05-10T20:35:57Z,0.056846750542401,0.08430934905296765,C:\Users\Craig\OneDrive\Desktop\Alnoris BMSx\Data\_extracted\nasa_ames\1. BatteryAgingARC-FY08Q4\B0005.mat
B0005,336,24.0,2008-05-10T22:00:05Z,0.05739160457574554,0.07732083011265528,C:\Users\Craig\OneDrive\Desktop\Alnoris BMSx\Data\_extracted\nasa_ames\1. BatteryAgingARC-FY08Q4\B0005.mat
B0005,338,24.0,2008-05-11T01:33:24Z,0.05971458306876328,0.08128077873787101,C:\Users\Craig\OneDrive\Desktop\Alnoris BMSx\Data\_extracted\nasa_ames\1. BatteryAgingARC-FY08Q4\B0005.mat
B0005,340,24.0,2008-05-11T02:57:32Z,0.05669401159445664,0.07756322518442982,C:\Users\Craig\OneDrive\Desktop\Alnoris BMSx\Data\_extracted\nasa_ames\1. BatteryAgingARC-FY08Q4\B0005.mat
B0005,342,24.0,2008-05-11T06:23:30Z,0.057876489486257204,0.0827621596207595,C:\Users\Craig\OneDrive\Desktop\Alnoris BMSx\Data\_extracted\nasa_ames\1. BatteryAgingARC-FY08Q4\B0005.mat
B0005,344,24.0,2008-05-11T07:47:30Z,0.05711363659055292,0.07889973426640497,C:\Users\Craig\OneDrive\Desktop\Alnoris BMSx\Data\_extracted\nasa_ames\1. BatteryAgingARC-FY08Q4\B0005.mat
B0005,346,24.0,2008-05-11T11:20:49Z,0.057106052592570886,0.08389339159553517,C:\Users\Craig\OneDrive\Desktop\Alnoris BMSx\Data\_extracted\nasa_ames\1. BatteryAgingARC-FY08Q4\B0005.mat
B0005,348,24.0,2008-05-11T12:44:40Z,0.058410674041032944,0.07787942798165798,C:\Users\Craig\OneDrive\Desktop\Alnoris BMSx\Data\_extracted\nasa_ames\1. BatteryAgingARC-FY08Q4\B0005.mat
B0005,350,24.0,2008-05-11T16:18:00Z,0.05832440115222774,0.0823356083860003,C:\Users\Craig\OneDrive\Desktop\Alnoris BMSx\Data\_extracted\nasa_ames\1. BatteryAgingARC-FY08Q4\B0005.mat
B0005,352,24.0,2008-05-11T17:41:53Z,0.057206589538471034,0.07814181670188959,C:\Users\Craig\OneDrive\Desktop\Alnoris BMSx\Data\_extracted\nasa_ames\1. BatteryAgingARC-FY08Q4\B0005.mat
B0005,354,24.0,2008-05-11T21:15:14Z,0.05853988727737317,0.08259957408588693,C:\Users\Craig\OneDrive\Desktop\Alnoris BMSx\Data\_extracted\nasa_ames\1. BatteryAgingARC-FY08Q4\B0005.mat
B0005,356,24.0,2008-05-11T22:38:57Z,0.0568695950036647,0.07851971117292988,C:\Users\Craig\OneDrive\Desktop\Alnoris BMSx\Data\_extracted\nasa_ames\1. BatteryAgingARC-FY08Q4\B0005.mat
B0005,358,24.0,2008-05-12T02:05:00Z,0.057610002271573896,0.08361769407052744,C:\Users\Craig\OneDrive\Desktop\Alnoris BMSx\Data\_extracted\nasa_ames\1. BatteryAgingARC-FY08Q4\B0005.mat
B0005,360,24.0,2008-05-12T03:28:34Z,0.05758927754908643,0.07858483851402417,C:\Users\Craig\OneDrive\Desktop\Alnoris BMSx\Data\_extracted\nasa_ames\1. BatteryAgingARC-FY08Q4\B0005.mat
B0005,362,24.0,2008-05-12T12:24:36Z,0.05687744083786221,0.08453629957179691,C:\Users\Craig\OneDrive\Desktop\Alnoris BMSx\Data\_extracted\nasa_ames\1. BatteryAgingARC-FY08Q4\B0005.mat
B0005,364,24.0,2008-05-12T13:48:19Z,0.05841225795718409,0.07816622903600336,C:\Users\Craig\OneDrive\Desktop\Alnoris BMSx\Data\_extracted\nasa_ames\1. BatteryAgingARC-FY08Q4\B0005.mat
B0005,367,24.0,2008-05-12T19:51:52Z,0.058982855797460765,0.07840869791471827,C:\Users\Craig\OneDrive\Desktop\Alnoris BMSx\Data\_extracted\nasa_ames\1. BatteryAgingARC-FY08Q4\B0005.mat
B0005,369,24.0,2008-05-12T23:21:19Z,0.06019789084807145,0.08377346645248043,C:\Users\Craig\OneDrive\Desktop\Alnoris BMSx\Data\_extracted\nasa_ames\1. BatteryAgingARC-FY08Q4\B0005.mat
B0005,371,24.0,2008-05-13T00:44:53Z,0.05843281496253658,0.07878612106344238,C:\Users\Craig\OneDrive\Desktop\Alnoris BMSx\Data\_extracted\nasa_ames\1. BatteryAgingARC-FY08Q4\B0005.mat
B0005,373,24.0,2008-05-13T04:03:26Z,0.05988352416265757,0.08361156763608181,C:\Users\Craig\OneDrive\Desktop\Alnoris BMSx\Data\_extracted\nasa_ames\1. BatteryAgingARC-FY08Q4\B0005.mat
B0005,375,24.0,2008-05-13T05:26:51Z,0.06081675929565647,0.08038388778322308,C:\Users\Craig\OneDrive\Desktop\Alnoris BMSx\Data\_extracted\nasa_ames\1. BatteryAgingARC-FY08Q4\B0005.mat
B0005,377,24.0,2008-05-13T08:52:05Z,0.058875120497055886,0.08370562422038381,C:\Users\Craig\OneDrive\Desktop\Alnoris BMSx\Data\_extracted\nasa_ames\1. BatteryAgingARC-FY08Q4\B0005.mat
B0005,379,24.0,2008-05-13T10:15:02Z,0.058641305762534054,0.07856327599613487,C:\Users\Craig\OneDrive\Desktop\Alnoris BMSx\Data\_extracted\nasa_ames\1. BatteryAgingARC-FY08Q4\B0005.mat
B0005,381,24.0,2008-05-13T13:48:25Z,0.05844518592952695,0.0843513765148262,C:\Users\Craig\OneDrive\Desktop\Alnoris BMSx\Data\_extracted\nasa_ames\1. BatteryAgingARC-FY08Q4\B0005.mat
B0005,383,24.0,2008-05-13T15:11:42Z,0.05925711282693887,0.08002743252583437,C:\Users\Craig\OneDrive\Desktop\Alnoris BMSx\Data\_extracted\nasa_ames\1. BatteryAgingARC-FY08Q4\B0005.mat
B0005,385,24.0,2008-05-13T18:32:21Z,0.06055121054997781,0.08328051476741821,C:\Users\Craig\OneDrive\Desktop\Alnoris BMSx\Data\_extracted\nasa_ames\1. BatteryAgingARC-FY08Q4\B0005.mat
B0005,387,24.0,2008-05-13T19:55:29Z,0.05877801771423867,0.07918337546950212,C:\Users\Craig\OneDrive\Desktop\Alnoris BMSx\Data\_extracted\nasa_ames\1. BatteryAgingARC-FY08Q4\B0005.mat
B0005,389,24.0,2008-05-13T23:27:26Z,0.05995025589217596,0.0831904359131708,C:\Users\Craig\OneDrive\Desktop\Alnoris BMSx\Data\_extracted\nasa_ames\1. BatteryAgingARC-FY08Q4\B0005.mat
B0005,391,24.0,2008-05-14T00:50:35Z,0.05835227769750316,0.07964710418735362,C:\Users\Craig\OneDrive\Desktop\Alnoris BMSx\Data\_extracted\nasa_ames\1. BatteryAgingARC-FY08Q4\B0005.mat
B0005,393,24.0,2008-05-14T04:23:57Z,0.05956501303684226,0.08487011380929321,C:\Users\Craig\OneDrive\Desktop\Alnoris BMSx\Data\_extracted\nasa_ames\1. BatteryAgingARC-FY08Q4\B0005.mat
B0005,395,24.0,2008-05-14T05:46:58Z,0.058938187317504366,0.07953792065559018,C:\Users\Craig\OneDrive\Desktop\Alnoris BMSx\Data\_extracted\nasa_ames\1. BatteryAgingARC-FY08Q4\B0005.mat
B0005,397,24.0,2008-05-14T09:20:22Z,0.059853349010250065,0.08473917663733575,C:\Users\Craig\OneDrive\Desktop\Alnoris BMSx\Data\_extracted\nasa_ames\1. BatteryAgingARC-FY08Q4\B0005.mat
B0005,399,24.0,2008-05-14T10:43:12Z,0.0584896827626018,0.07964370546866237,C:\Users\Craig\OneDrive\Desktop\Alnoris BMSx\Data\_extracted\nasa_ames\1. BatteryAgingARC-FY08Q4\B0005.mat
B0005,401,24.0,2008-05-14T14:03:22Z,0.05874548029308314,0.08711721350349075,C:\Users\Craig\OneDrive\Desktop\Alnoris BMSx\Data\_extracted\nasa_ames\1. BatteryAgingARC-FY08Q4\B0005.mat
B0005,403,24.0,2008-05-14T15:26:13Z,0.06134060755888107,0.07733665024296885,C:\Users\Craig\OneDrive\Desktop\Alnoris BMSx\Data\_extracted\nasa_ames\1. BatteryAgingARC-FY08Q4\B0005.mat
B0005,405,24.0,2008-05-14T18:59:38Z,0.06083767084489383,0.08490902777488013,C:\Users\Craig\OneDrive\Desktop\Alnoris BMSx\Data\_extracted\nasa_ames\1. BatteryAgingARC-FY08Q4\B0005.mat
B0005,407,24.0,2008-05-14T20:22:30Z,0.05834271794334396,0.07994246159333938,C:\Users\Craig\OneDrive\Desktop\Alnoris BMSx\Data\_extracted\nasa_ames\1. BatteryAgingARC-FY08Q4\B0005.mat
B0005,409,24.0,2008-05-14T23:55:55Z,0.05993762786815949,0.08479950183605617,C:\Users\Craig\OneDrive\Desktop\Alnoris BMSx\Data\_extracted\nasa_ames\1. BatteryAgingARC-FY08Q4\B0005.mat
B0005,411,24.0,2008-05-15T01:18:37Z,0.05979534226516758,0.07964682734703848,C:\Users\Craig\OneDrive\Desktop\Alnoris BMSx\Data\_extracted\nasa_ames\1. BatteryAgingARC-FY08Q4\B0005.mat
B0005,413,24.0,2008-05-15T04:52:04Z,0.05959588691816853,0.08518775171680287,C:\Users\Craig\OneDrive\Desktop\Alnoris BMSx\Data\_extracted\nasa_ames\1. BatteryAgingARC-FY08Q4\B0005.mat
B0005,415,24.0,2008-05-15T06:14:38Z,0.05920398197966059,0.08007181105183933,C:\Users\Craig\OneDrive\Desktop\Alnoris BMSx\Data\_extracted\nasa_ames\1. BatteryAgingARC-FY08Q4\B0005.mat
B0005,417,24.0,2008-05-15T09:48:03Z,0.058400743519397356,0.08632938236969102,C:\Users\Craig\OneDrive\Desktop\Alnoris BMSx\Data\_extracted\nasa_ames\1. BatteryAgingARC-FY08Q4\B0005.mat
B0005,419,24.0,2008-05-15T11:10:28Z,0.06134389439332634,0.07989290542746168,C:\Users\Craig\OneDrive\Desktop\Alnoris BMSx\Data\_extracted\nasa_ames\1. BatteryAgingARC-FY08Q4\B0005.mat
B0005,421,24.0,2008-05-15T14:38:58Z,0.06260506440345279,0.08502111899525971,C:\Users\Craig\OneDrive\Desktop\Alnoris BMSx\Data\_extracted\nasa_ames\1. BatteryAgingARC-FY08Q4\B0005.mat
B0005,423,24.0,2008-05-15T16:01:23Z,0.05881986188457543,0.07914854798469835,C:\Users\Craig\OneDrive\Desktop\Alnoris BMSx\Data\_extracted\nasa_ames\1. BatteryAgingARC-FY08Q4\B0005.mat
B0005,425,24.0,2008-05-15T19:24:46Z,0.06115195391732467,0.08485577620272611,C:\Users\Craig\OneDrive\Desktop\Alnoris BMSx\Data\_extracted\nasa_ames\1. BatteryAgingARC-FY08Q4\B0005.mat
B0005,427,24.0,2008-05-15T20:47:12Z,0.060462461899175826,0.08092668356466791,C:\Users\Craig\OneDrive\Desktop\Alnoris BMSx\Data\_extracted\nasa_ames\1. BatteryAgingARC-FY08Q4\B0005.mat
B0005,429,24.0,2008-05-16T00:09:33Z,0.059630601199984506,0.0850345675980089,C:\Users\Craig\OneDrive\Desktop\Alnoris BMSx\Data\_extracted\nasa_ames\1. BatteryAgingARC-FY08Q4\B0005.mat
B0005,433,24.0,2008-05-16T22:28:31Z,0.06160738568225919,0.08020127504914304,C:\Users\Craig\OneDrive\Desktop\Alnoris BMSx\Data\_extracted\nasa_ames\1. BatteryAgingARC-FY08Q4\B0005.mat
B0005,435,24.0,2008-05-17T02:00:12Z,0.060986669920577066,0.08583976882422588,C:\Users\Craig\OneDrive\Desktop\Alnoris BMSx\Data\_extracted\nasa_ames\1. BatteryAgingARC-FY08Q4\B0005.mat
B0005,437,24.0,2008-05-17T03:22:47Z,0.060802701783849895,0.08185255727094856,C:\Users\Craig\OneDrive\Desktop\Alnoris BMSx\Data\_extracted\nasa_ames\1. BatteryAgingARC-FY08Q4\B0005.mat
B0005,439,24.0,2008-05-17T06:53:18Z,0.06100425704109886,0.08588436114872877,C:\Users\Craig\OneDrive\Desktop\Alnoris BMSx\Data\_extracted\nasa_ames\1. BatteryAgingARC-FY08Q4\B0005.mat
B0005,441,24.0,2008-05-17T08:15:45Z,0.06147075614169803,0.08170752156365965,C:\Users\Craig\OneDrive\Desktop\Alnoris BMSx\Data\_extracted\nasa_ames\1. BatteryAgingARC-FY08Q4\B0005.mat
B0005,443,24.0,2008-05-17T11:49:14Z,0.06232914782727364,0.08822161138920462,C:\Users\Craig\OneDrive\Desktop\Alnoris BMSx\Data\_extracted\nasa_ames\1. BatteryAgingARC-FY08Q4\B0005.mat
B0005,445,24.0,2008-05-17T13:11:30Z,0.062141039518508724,0.08177099146255969,C:\Users\Craig\OneDrive\Desktop\Alnoris BMSx\Data\_extracted\nasa_ames\1. BatteryAgingARC-FY08Q4\B0005.mat
B0005,447,24.0,2008-05-17T16:43:35Z,0.061502762788551504,0.0872699062901812,C:\Users\Craig\OneDrive\Desktop\Alnoris BMSx\Data\_extracted\nasa_ames\1. BatteryAgingARC-FY08Q4\B0005.mat
B0005,449,24.0,2008-05-17T18:05:53Z,0.059631149799839814,0.08257600572707498,C:\Users\Craig\OneDrive\Desktop\Alnoris BMSx\Data\_extracted\nasa_ames\1. BatteryAgingARC-FY08Q4\B0005.mat
B0005,451,24.0,2008-05-17T21:38:49Z,0.06141907994833745,0.08720378292525818,C:\Users\Craig\OneDrive\Desktop\Alnoris BMSx\Data\_extracted\nasa_ames\1. BatteryAgingARC-FY08Q4\B0005.mat
B0005,453,24.0,2008-05-17T23:00:48Z,0.061083512551729904,0.08239994758407483,C:\Users\Craig\OneDrive\Desktop\Alnoris BMSx\Data\_extracted\nasa_ames\1. BatteryAgingARC-FY08Q4\B0005.mat
B0005,455,24.0,2008-05-18T02:33:17Z,0.06121665145307191,0.0872819262712242,C:\Users\Craig\OneDrive\Desktop\Alnoris BMSx\Data\_extracted\nasa_ames\1. BatteryAgingARC-FY08Q4\B0005.mat
B0005,457,24.0,2008-05-18T03:55:17Z,0.06148387399714281,0.08269579716686087,C:\Users\Craig\OneDrive\Desktop\Alnoris BMSx\Data\_extracted\nasa_ames\1. BatteryAgingARC-FY08Q4\B0005.mat
B0005,459,24.0,2008-05-18T07:28:48Z,0.062704070176938,0.08679111809854424,C:\Users\Craig\OneDrive\Desktop\Alnoris BMSx\Data\_extracted\nasa_ames\1. BatteryAgingARC-FY08Q4\B0005.mat
B0005,461,24.0,2008-05-18T08:50:48Z,0.0617088861822979,0.08329169748855401,C:\Users\Craig\OneDrive\Desktop\Alnoris BMSx\Data\_extracted\nasa_ames\1. BatteryAgingARC-FY08Q4\B0005.mat
B0005,463,24.0,2008-05-18T12:12:46Z,0.06172613583587411,0.0883779260119075,C:\Users\Craig\OneDrive\Desktop\Alnoris BMSx\Data\_extracted\nasa_ames\1. BatteryAgingARC-FY08Q4\B0005.mat
B0005,465,24.0,2008-05-18T13:34:37Z,0.06088889899741356,0.08311038310685015,C:\Users\Craig\OneDrive\Desktop\Alnoris BMSx\Data\_extracted\nasa_ames\1. BatteryAgingARC-FY08Q4\B0005.mat
B0005,467,24.0,2008-05-18T17:04:27Z,0.06185223703499693,0.08697922184678317,C:\Users\Craig\OneDrive\Desktop\Alnoris BMSx\Data\_extracted\nasa_ames\1. BatteryAgingARC-FY08Q4\B0005.mat
B0005,469,24.0,2008-05-18T18:26:10Z,0.06106743458543022,0.08375435203587812,C:\Users\Craig\OneDrive\Desktop\Alnoris BMSx\Data\_extracted\nasa_ames\1. BatteryAgingARC-FY08Q4\B0005.mat
B0005,471,24.0,2008-05-18T21:59:40Z,0.06310358102659182,0.08852234569242505,C:\Users\Craig\OneDrive\Desktop\Alnoris BMSx\Data\_extracted\nasa_ames\1. BatteryAgingARC-FY08Q4\B0005.mat
B0005,473,24.0,2008-05-18T23:21:28Z,0.06084445004689351,0.08308225537417147,C:\Users\Craig\OneDrive\Desktop\Alnoris BMSx\Data\_extracted\nasa_ames\1. BatteryAgingARC-FY08Q4\B0005.mat
B0005,475,24.0,2008-05-19T02:55:02Z,0.06228746060457266,0.08923087570947913,C:\Users\Craig\OneDrive\Desktop\Alnoris BMSx\Data\_extracted\nasa_ames\1. BatteryAgingARC-FY08Q4\B0005.mat
B0005,477,24.0,2008-05-19T04:16:50Z,0.06351594916063175,0.08411816433198452,C:\Users\Craig\OneDrive\Desktop\Alnoris BMSx\Data\_extracted\nasa_ames\1. BatteryAgingARC-FY08Q4\B0005.mat
B0005,479,24.0,2008-05-19T07:49:12Z,0.06270549893166993,0.08838724457648714,C:\Users\Craig\OneDrive\Desktop\Alnoris BMSx\Data\_extracted\nasa_ames\1. BatteryAgingARC-FY08Q4\B0005.mat
B0005,485,24.0,2008-05-20T02:06:32Z,0.05609876336075707,0.0751803131352498,C:\Users\Craig\OneDrive\Desktop\Alnoris BMSx\Data\_extracted\nasa_ames\1. BatteryAgingARC-FY08Q4\B0005.mat
B0005,487,24.0,2008-05-20T05:40:03Z,0.053286381622558374,0.08156856568421471,C:\Users\Craig\OneDrive\Desktop\Alnoris BMSx\Data\_extracted\nasa_ames\1. BatteryAgingARC-FY08Q4\B0005.mat
B0005,489,24.0,2008-05-20T07:01:47Z,0.05438777538615831,0.07604192318654494,C:\Users\Craig\OneDrive\Desktop\Alnoris BMSx\Data\_extracted\nasa_ames\1. BatteryAgingARC-FY08Q4\B0005.mat
B0005,491,24.0,2008-05-20T10:35:19Z,0.05293147474045376,0.08275693411495888,C:\Users\Craig\OneDrive\Desktop\Alnoris BMSx\Data\_extracted\nasa_ames\1. BatteryAgingARC-FY08Q4\B0005.mat
B0005,493,24.0,2008-05-20T11:56:55Z,0.054476476622608364,0.07673140547029404,C:\Users\Craig\OneDrive\Desktop\Alnoris BMSx\Data\_extracted\nasa_ames\1. BatteryAgingARC-FY08Q4\B0005.mat
B0005,495,24.0,2008-05-20T15:25:23Z,0.05588929297745871,0.08226321054006082,C:\Users\Craig\OneDrive\Desktop\Alnoris BMSx\Data\_extracted\nasa_ames\1. BatteryAgingARC-FY08Q4\B0005.mat
B0005,497,24.0,2008-05-20T16:46:59Z,0.05599607903184257,0.07651440849093617,C:\Users\Craig\OneDrive\Desktop\Alnoris BMSx\Data\_extracted\nasa_ames\1. BatteryAgingARC-FY08Q4\B0005.mat
B0005,499,24.0,2008-05-20T20:18:35Z,0.05841778368115902,0.08029809490533976,C:\Users\Craig\OneDrive\Desktop\Alnoris BMSx\Data\_extracted\nasa_ames\1. BatteryAgingARC-FY08Q4\B0005.mat
B0005,501,24.0,2008-05-20T21:40:11Z,0.052279965818119264,0.07486615123258515,C:\Users\Craig\OneDrive\Desktop\Alnoris BMSx\Data\_extracted\nasa_ames\1. BatteryAgingARC-FY08Q4\B0005.mat
B0005,503,24.0,2008-05-21T01:07:35Z,0.056411433170262516,0.0819223123309917,C:\Users\Craig\OneDrive\Desktop\Alnoris BMSx\Data\_extracted\nasa_ames\1. BatteryAgingARC-FY08Q4\B0005.mat
B0005,505,24.0,2008-05-21T02:29:02Z,0.05350804531294866,0.07610419438082021,C:\Users\Craig\OneDrive\Desktop\Alnoris BMSx\Data\_extracted\nasa_ames\1. BatteryAgingARC-FY08Q4\B0005.mat
B0005,507,24.0,2008-05-21T05:52:23Z,0.05568015964086863,0.08177399086572994,C:\Users\Craig\OneDrive\Desktop\Alnoris BMSx\Data\_extracted\nasa_ames\1. BatteryAgingARC-FY08Q4\B0005.mat
B0005,509,24.0,2008-05-21T07:13:41Z,0.053892806183993766,0.07778309560578801,C:\Users\Craig\OneDrive\Desktop\Alnoris BMSx\Data\_extracted\nasa_ames\1. BatteryAgingARC-FY08Q4\B0005.mat
B0005,511,24.0,2008-05-21T10:46:01Z,0.056210257603528525,0.08328067168438782,C:\Users\Craig\OneDrive\Desktop\Alnoris BMSx\Data\_extracted\nasa_ames\1. BatteryAgingARC-FY08Q4\B0005.mat
B0005,513,24.0,2008-05-21T12:07:20Z,0.05500261254176024,0.0770552542641119,C:\Users\Craig\OneDrive\Desktop\Alnoris BMSx\Data\_extracted\nasa_ames\1. BatteryAgingARC-FY08Q4\B0005.mat
B0005,515,24.0,2008-05-21T15:38:16Z,0.05579452141186236,0.0829501208969064,C:\Users\Craig\OneDrive\Desktop\Alnoris BMSx\Data\_extracted\nasa_ames\1. BatteryAgingARC-FY08Q4\B0005.mat
B0005,517,24.0,2008-05-21T16:59:36Z,0.055477936916064945,0.07700167355105111,C:\Users\Craig\OneDrive\Desktop\Alnoris BMSx\Data\_extracted\nasa_ames\1. BatteryAgingARC-FY08Q4\B0005.mat
B0005,519,24.0,2008-05-21T20:30:05Z,0.057799714665998925,0.08190303229216056,C:\Users\Craig\OneDrive\Desktop\Alnoris BMSx\Data\_extracted\nasa_ames\1. BatteryAgingARC-FY08Q4\B0005.mat
B0005,521,24.0,2008-05-21T21:51:16Z,0.055131598162180676,0.07705565644815345,C:\Users\Craig\OneDrive\Desktop\Alnoris BMSx\Data\_extracted\nasa_ames\1. BatteryAgingARC-FY08Q4\B0005.mat
B0005,523,24.0,2008-05-22T01:10:54Z,0.05577529472858128,0.08294674118422612,C:\Users\Craig\OneDrive\Desktop\Alnoris BMSx\Data\_extracted\nasa_ames\1. BatteryAgingARC-FY08Q4\B0005.mat
B0005,525,24.0,2008-05-22T02:32:06Z,0.05581143896033036,0.07655193817591452,C:\Users\Craig\OneDrive\Desktop\Alnoris BMSx\Data\_extracted\nasa_ames\1. BatteryAgingARC-FY08Q4\B0005.mat
B0005,527,24.0,2008-05-22T06:00:35Z,0.056559391313402284,0.08237490117893426,C:\Users\Craig\OneDrive\Desktop\Alnoris BMSx\Data\_extracted\nasa_ames\1. BatteryAgingARC-FY08Q4\B0005.mat
B0005,529,24.0,2008-05-22T07:21:37Z,0.05517339070760031,0.07730223904611441,C:\Users\Craig\OneDrive\Desktop\Alnoris BMSx\Data\_extracted\nasa_ames\1. BatteryAgingARC-FY08Q4\B0005.mat
B0005,531,24.0,2008-05-22T10:51:17Z,0.05334424687864744,0.08448562230827522,C:\Users\Craig\OneDrive\Desktop\Alnoris BMSx\Data\_extracted\nasa_ames\1. BatteryAgingARC-FY08Q4\B0005.mat
B0005,533,24.0,2008-05-22T12:12:19Z,0.05620338276580351,0.07843574895859332,C:\Users\Craig\OneDrive\Desktop\Alnoris BMSx\Data\_extracted\nasa_ames\1. BatteryAgingARC-FY08Q4\B0005.mat
B0005,535,24.0,2008-05-22T15:45:53Z,0.056262478978249195,0.0830662312193171,C:\Users\Craig\OneDrive\Desktop\Alnoris BMSx\Data\_extracted\nasa_ames\1. BatteryAgingARC-FY08Q4\B0005.mat
B0005,537,24.0,2008-05-22T17:06:57Z,0.054122848764169285,0.07853439066990606,C:\Users\Craig\OneDrive\Desktop\Alnoris BMSx\Data\_extracted\nasa_ames\1. BatteryAgingARC-FY08Q4\B0005.mat
B0005,539,24.0,2008-05-22T20:27:44Z,0.05339424998746291,0.08335635527903888,C:\Users\Craig\OneDrive\Desktop\Alnoris BMSx\Data\_extracted\nasa_ames\1. BatteryAgingARC-FY08Q4\B0005.mat
B0005,541,24.0,2008-05-22T21:48:39Z,0.05545823824882687,0.07866069372174239,C:\Users\Craig\OneDrive\Desktop\Alnoris BMSx\Data\_extracted\nasa_ames\1. BatteryAgingARC-FY08Q4\B0005.mat
B0005,543,24.0,2008-05-23T11:41:10Z,0.05854525235071128,0.08836885185980756,C:\Users\Craig\OneDrive\Desktop\Alnoris BMSx\Data\_extracted\nasa_ames\1. BatteryAgingARC-FY08Q4\B0005.mat
B0005,545,24.0,2008-05-23T13:02:15Z,0.057849417299627566,0.08078773867849699,C:\Users\Craig\OneDrive\Desktop\Alnoris BMSx\Data\_extracted\nasa_ames\1. BatteryAgingARC-FY08Q4\B0005.mat
B0005,548,24.0,2008-05-23T21:03:54Z,0.05861499608457943,0.0815465143150512,C:\Users\Craig\OneDrive\Desktop\Alnoris BMSx\Data\_extracted\nasa_ames\1. BatteryAgingARC-FY08Q4\B0005.mat
B0005,550,24.0,2008-05-24T00:37:15Z,0.06142385686894261,0.08496390395839584,C:\Users\Craig\OneDrive\Desktop\Alnoris BMSx\Data\_extracted\nasa_ames\1. BatteryAgingARC-FY08Q4\B0005.mat
B0005,552,24.0,2008-05-24T01:58:28Z,0.05514590684509453,0.08131922130895523,C:\Users\Craig\OneDrive\Desktop\Alnoris BMSx\Data\_extracted\nasa_ames\1. BatteryAgingARC-FY08Q4\B0005.mat
B0005,554,24.0,2008-05-24T05:28:14Z,0.05952338030179974,0.08720833121299235,C:\Users\Craig\OneDrive\Desktop\Alnoris BMSx\Data\_extracted\nasa_ames\1. BatteryAgingARC-FY08Q4\B0005.mat
B0005,556,24.0,2008-05-24T06:49:19Z,0.060395218506932496,0.08118649064632041,C:\Users\Craig\OneDrive\Desktop\Alnoris BMSx\Data\_extracted\nasa_ames\1. BatteryAgingARC-FY08Q4\B0005.mat
B0005,558,24.0,2008-05-24T10:10:44Z,0.05926159085880675,0.08777868669454861,C:\Users\Craig\OneDrive\Desktop\Alnoris BMSx\Data\_extracted\nasa_ames\1. BatteryAgingARC-FY08Q4\B0005.mat
B0005,560,24.0,2008-05-24T11:31:49Z,0.05837332151817875,0.08168688613354813,C:\Users\Craig\OneDrive\Desktop\Alnoris BMSx\Data\_extracted\nasa_ames\1. BatteryAgingARC-FY08Q4\B0005.mat
B0005,562,24.0,2008-05-24T14:59:04Z,0.05952378458944331,0.08843007755224046,C:\Users\Craig\OneDrive\Desktop\Alnoris BMSx\Data\_extracted\nasa_ames\1. BatteryAgingARC-FY08Q4\B0005.mat
B0005,564,24.0,2008-05-24T16:20:01Z,0.058915317530095296,0.08242888973447615,C:\Users\Craig\OneDrive\Desktop\Alnoris BMSx\Data\_extracted\nasa_ames\1. BatteryAgingARC-FY08Q4\B0005.mat
B0005,566,24.0,2008-05-24T19:49:07Z,0.05967664811705819,0.08584374973711092,C:\Users\Craig\OneDrive\Desktop\Alnoris BMSx\Data\_extracted\nasa_ames\1. BatteryAgingARC-FY08Q4\B0005.mat
B0005,568,24.0,2008-05-24T21:10:04Z,0.05679308055986898,0.08277241951062583,C:\Users\Craig\OneDrive\Desktop\Alnoris BMSx\Data\_extracted\nasa_ames\1. BatteryAgingARC-FY08Q4\B0005.mat
B0005,570,24.0,2008-05-25T00:34:43Z,0.05975988463048883,0.08662483639594361,C:\Users\Craig\OneDrive\Desktop\Alnoris BMSx\Data\_extracted\nasa_ames\1. BatteryAgingARC-FY08Q4\B0005.mat
B0005,572,24.0,2008-05-25T01:55:30Z,0.061548802456462645,0.08166650115809095,C:\Users\Craig\OneDrive\Desktop\Alnoris BMSx\Data\_extracted\nasa_ames\1. BatteryAgingARC-FY08Q4\B0005.mat
B0005,574,24.0,2008-05-25T05:25:11Z,0.05950259165745283,0.08636882918668189,C:\Users\Craig\OneDrive\Desktop\Alnoris BMSx\Data\_extracted\nasa_ames\1. BatteryAgingARC-FY08Q4\B0005.mat
B0005,576,24.0,2008-05-25T06:45:59Z,0.05815785715365463,0.08076638409033879,C:\Users\Craig\OneDrive\Desktop\Alnoris BMSx\Data\_extracted\nasa_ames\1. BatteryAgingARC-FY08Q4\B0005.mat
B0005,578,24.0,2008-05-25T10:19:30Z,0.05955598055289399,0.08821831541627395,C:\Users\Craig\OneDrive\Desktop\Alnoris BMSx\Data\_extracted\nasa_ames\1. BatteryAgingARC-FY08Q4\B0005.mat
B0005,580,24.0,2008-05-25T11:40:09Z,0.05998242374388253,0.08040837607181418,C:\Users\Craig\OneDrive\Desktop\Alnoris BMSx\Data\_extracted\nasa_ames\1. BatteryAgingARC-FY08Q4\B0005.mat
B0005,582,24.0,2008-05-25T15:05:01Z,0.05949136479118529,0.08873029794077426,C:\Users\Craig\OneDrive\Desktop\Alnoris BMSx\Data\_extracted\nasa_ames\1. BatteryAgingARC-FY08Q4\B0005.mat
B0005,584,24.0,2008-05-25T16:25:42Z,0.06032121649663735,0.080340961111739,C:\Users\Craig\OneDrive\Desktop\Alnoris BMSx\Data\_extracted\nasa_ames\1. BatteryAgingARC-FY08Q4\B0005.mat
B0005,586,24.0,2008-05-25T19:50:54Z,0.06052114924707915,0.08753623977970666,C:\Users\Craig\OneDrive\Desktop\Alnoris BMSx\Data\_extracted\nasa_ames\1. BatteryAgingARC-FY08Q4\B0005.mat
B0005,588,24.0,2008-05-25T21:11:31Z,0.05960681398165175,0.08219508357127864,C:\Users\Craig\OneDrive\Desktop\Alnoris BMSx\Data\_extracted\nasa_ames\1. BatteryAgingARC-FY08Q4\B0005.mat
B0005,590,24.0,2008-05-26T00:40:52Z,0.05982677899726283,0.08853801860235527,C:\Users\Craig\OneDrive\Desktop\Alnoris BMSx\Data\_extracted\nasa_ames\1. BatteryAgingARC-FY08Q4\B0005.mat
B0005,592,24.0,2008-05-26T02:01:29Z,0.061154671315268125,0.0812995137183745,C:\Users\Craig\OneDrive\Desktop\Alnoris BMSx\Data\_extracted\nasa_ames\1. BatteryAgingARC-FY08Q4\B0005.mat
B0005,594,24.0,2008-05-26T05:28:58Z,0.057944393691446945,0.08890519876854222,C:\Users\Craig\OneDrive\Desktop\Alnoris BMSx\Data\_extracted\nasa_ames\1. BatteryAgingARC-FY08Q4\B0005.mat
B0005,596,24.0,2008-05-26T06:49:35Z,0.05499483450370441,0.08325251281361706,C:\Users\Craig\OneDrive\Desktop\Alnoris BMSx\Data\_extracted\nasa_ames\1. BatteryAgingARC-FY08Q4\B0005.mat
B0005,598,24.0,2008-05-26T10:12:28Z,0.06175931225184275,0.0847212726764891,C:\Users\Craig\OneDrive\Desktop\Alnoris BMSx\Data\_extracted\nasa_ames\1. BatteryAgingARC-FY08Q4\B0005.mat
B0005,600,24.0,2008-05-26T11:32:56Z,0.058456129317427746,0.08270193673891646,C:\Users\Craig\OneDrive\Desktop\Alnoris BMSx\Data\_extracted\nasa_ames\1. BatteryAgingARC-FY08Q4\B0005.mat
B0005,602,24.0,2008-05-26T14:58:33Z,0.05898908039586478,0.08573621892771217,C:\Users\Craig\OneDrive\Desktop\Alnoris BMSx\Data\_extracted\nasa_ames\1. BatteryAgingARC-FY08Q4\B0005.mat
B0005,604,24.0,2008-05-26T16:19:02Z,0.05880084419395591,0.08236983437565949,C:\Users\Craig\OneDrive\Desktop\Alnoris BMSx\Data\_extracted\nasa_ames\1. BatteryAgingARC-FY08Q4\B0005.mat
B0005,606,24.0,2008-05-26T19:48:54Z,0.05763029720163586,0.08742389347930328,C:\Users\Craig\OneDrive\Desktop\Alnoris BMSx\Data\_extracted\nasa_ames\1. BatteryAgingARC-FY08Q4\B0005.mat
B0005,608,24.0,2008-05-26T21:09:22Z,0.05898388938334406,0.08252211755101288,C:\Users\Craig\OneDrive\Desktop\Alnoris BMSx\Data\_extracted\nasa_ames\1. BatteryAgingARC-FY08Q4\B0005.mat
B0005,610,24.0,2008-05-27T00:27:55Z,0.057823749393303175,0.08975687046479841,C:\Users\Craig\OneDrive\Desktop\Alnoris BMSx\Data\_extracted\nasa_ames\1. BatteryAgingARC-FY08Q4\B0005.mat
B0005,614,24.0,2008-05-27T21:34:28Z,0.05003573195803179,0.07479234613687553,C:\Users\Craig\OneDrive\Desktop\Alnoris BMSx\Data\_extracted\nasa_ames\1. BatteryAgingARC-FY08Q4\B0005.mat
B0006,40,24.0,2008-04-18T20:55:29Z,0.06123359021000344,0.0785415394665875,C:\Users\Craig\OneDrive\Desktop\Alnoris BMSx\Data\_extracted\nasa_ames\1. BatteryAgingARC-FY08Q4\B0006.mat
B0006,42,24.0,2008-04-18T22:39:16Z,0.06561684946388616,0.0886832084583472,C:\Users\Craig\OneDrive\Desktop\Alnoris BMSx\Data\_extracted\nasa_ames\1. BatteryAgingARC-FY08Q4\B0006.mat
B0006,44,24.0,2008-04-19T02:14:27Z,0.06062991544979002,0.07802409378290423,C:\Users\Craig\OneDrive\Desktop\Alnoris BMSx\Data\_extracted\nasa_ames\1. BatteryAgingARC-FY08Q4\B0006.mat
B0006,46,24.0,2008-04-19T03:57:24Z,0.0626250732462495,0.08533725531470857,C:\Users\Craig\OneDrive\Desktop\Alnoris BMSx\Data\_extracted\nasa_ames\1. BatteryAgingARC-FY08Q4\B0006.mat
B0006,48,24.0,2008-04-19T07:32:33Z,0.0608598716542857,0.07840240203025303,C:\Users\Craig\OneDrive\Desktop\Alnoris BMSx\Data\_extracted\nasa_ames\1. BatteryAgingARC-FY08Q4\B0006.mat
B0006,50,24.0,2008-04-19T09:15:10Z,0.062249571082343746,0.08440849663820382,C:\Users\Craig\OneDrive\Desktop\Alnoris BMSx\Data\_extracted\nasa_ames\1. BatteryAgingARC-FY08Q4\B0006.mat
B0006,52,24.0,2008-04-19T12:47:00Z,0.06006450818180178,0.07807093382204865,C:\Users\Craig\OneDrive\Desktop\Alnoris BMSx\Data\_extracted\nasa_ames\1. BatteryAgingARC-FY08Q4\B0006.mat
B0006,54,24.0,2008-04-19T14:28:58Z,0.062201023860373954,0.08437084638397113,C:\Users\Craig\OneDrive\Desktop\Alnoris BMSx\Data\_extracted\nasa_ames\1. BatteryAgingARC-FY08Q4\B0006.mat
B0006,56,24.0,2008-04-19T18:12:47Z,0.05913130853407464,0.07795570757873038,C:\Users\Craig\OneDrive\Desktop\Alnoris BMSx\Data\_extracted\nasa_ames\1. BatteryAgingARC-FY08Q4\B0006.mat
B0006,58,24.0,2008-04-19T19:55:05Z,0.06207350175489952,0.0838418603746595,C:\Users\Craig\OneDrive\Desktop\Alnoris BMSx\Data\_extracted\nasa_ames\1. BatteryAgingARC-FY08Q4\B0006.mat
B0006,60,24.0,2008-04-19T23:27:13Z,0.06059698754511872,0.07938182566133384,C:\Users\Craig\OneDrive\Desktop\Alnoris BMSx\Data\_extracted\nasa_ames\1. BatteryAgingARC-FY08Q4\B0006.mat
B0006,62,24.0,2008-04-20T01:08:11Z,0.06200595535926761,0.08243346882486241,C:\Users\Craig\OneDrive\Desktop\Alnoris BMSx\Data\_extracted\nasa_ames\1. BatteryAgingARC-FY08Q4\B0006.mat
B0006,64,24.0,2008-04-20T04:39:59Z,0.0604355089729667,0.07949409294266127,C:\Users\Craig\OneDrive\Desktop\Alnoris BMSx\Data\_extracted\nasa_ames\1. BatteryAgingARC-FY08Q4\B0006.mat
B0006,66,24.0,2008-04-20T06:20:57Z,0.06251817310661875,0.08413790663872997,C:\Users\Craig\OneDrive\Desktop\Alnoris BMSx\Data\_extracted\nasa_ames\1. BatteryAgingARC-FY08Q4\B0006.mat
B0006,68,24.0,2008-04-20T10:01:46Z,0.0598822703747387,0.07871218357298479,C:\Users\Craig\OneDrive\Desktop\Alnoris BMSx\Data\_extracted\nasa_ames\1. BatteryAgingARC-FY08Q4\B0006.mat
B0006,70,24.0,2008-04-20T11:42:26Z,0.060953270532872306,0.08269288603896705,C:\Users\Craig\OneDrive\Desktop\Alnoris BMSx\Data\_extracted\nasa_ames\1. BatteryAgingARC-FY08Q4\B0006.mat
B0006,72,24.0,2008-04-20T15:22:22Z,0.06058721482266893,0.07989533922911993,C:\Users\Craig\OneDrive\Desktop\Alnoris BMSx\Data\_extracted\nasa_ames\1. BatteryAgingARC-FY08Q4\B0006.mat
B0006,74,24.0,2008-04-20T17:03:01Z,0.06236564071812447,0.08389054593182355,C:\Users\Craig\OneDrive\Desktop\Alnoris BMSx\Data\_extracted\nasa_ames\1. BatteryAgingARC-FY08Q4\B0006.mat
B0006,76,24.0,2008-04-20T20:35:56Z,0.06090836519034555,0.0797490751361702,C:\Users\Craig\OneDrive\Desktop\Alnoris BMSx\Data\_extracted\nasa_ames\1. BatteryAgingARC-FY08Q4\B0006.mat
B0006,78,24.0,2008-04-20T22:16:35Z,0.0623876560738503,0.08427447476572261,C:\Users\Craig\OneDrive\Desktop\Alnoris BMSx\Data\_extracted\nasa_ames\1. BatteryAgingARC-FY08Q4\B0006.mat
B0006,80,24.0,2008-04-21T02:00:19Z,0.060369152473069135,0.08014506815871338,C:\Users\Craig\OneDrive\Desktop\Alnoris BMSx\Data\_extracted\nasa_ames\1. BatteryAgingARC-FY08Q4\B0006.mat
B0006,82,24.0,2008-04-21T03:26:58Z,0.06209144685667864,0.08164302964777198,C:\Users\Craig\OneDrive\Desktop\Alnoris BMSx\Data\_extracted\nasa_ames\1. BatteryAgingARC-FY08Q4\B0006.mat
B0006,86,24.0,2008-04-22T16:33:03Z,0.06356536156604609,0.08150834385680611,C:\Users\Craig\OneDrive\Desktop\Alnoris BMSx\Data\_extracted\nasa_ames\1. BatteryAgingARC-FY08Q4\B0006.mat
B0006,88,24.0,2008-04-22T19:54:32Z,0.06232003183337441,0.08021169162372531,C:\Users\Craig\OneDrive\Desktop\Alnoris BMSx\Data\_extracted\nasa_ames\1. BatteryAgingARC-FY08Q4\B0006.mat
B0006,90,24.0,2008-04-22T21:24:34Z,0.06294168193775251,0.08199172562670037,C:\Users\Craig\OneDrive\Desktop\Alnoris BMSx\Data\_extracted\nasa_ames\1. BatteryAgingARC-FY08Q4\B0006.mat
B0006,92,24.0,2008-04-23T00:46:24Z,0.06189122330035962,0.08120805787615462,C:\Users\Craig\OneDrive\Desktop\Alnoris BMSx\Data\_extracted\nasa_ames\1. BatteryAgingARC-FY08Q4\B0006.mat
B0006,94,24.0,2008-04-23T02:16:08Z,0.0628654066217946,0.08144682676052387,C:\Users\Craig\OneDrive\Desktop\Alnoris BMSx\Data\_extracted\nasa_ames\1. BatteryAgingARC-FY08Q4\B0006.mat
B0006,96,24.0,2008-04-23T05:46:32Z,0.06171642129064926,0.08150165216580176,C:\Users\Craig\OneDrive\Desktop\Alnoris BMSx\Data\_extracted\nasa_ames\1. BatteryAgingARC-FY08Q4\B0006.mat
B0006,98,24.0,2008-04-23T07:16:07Z,0.06291524637705144,0.08277116642147596,C:\Users\Craig\OneDrive\Desktop\Alnoris BMSx\Data\_extracted\nasa_ames\1. BatteryAgingARC-FY08Q4\B0006.mat
B0006,100,24.0,2008-04-23T10:36:13Z,0.06199878481176484,0.08138761044036787,C:\Users\Craig\OneDrive\Desktop\Alnoris BMSx\Data\_extracted\nasa_ames\1. BatteryAgingARC-FY08Q4\B0006.mat
B0006,102,24.0,2008-04-23T12:05:30Z,0.06307762333013402,0.08287146905081498,C:\Users\Craig\OneDrive\Desktop\Alnoris BMSx\Data\_extracted\nasa_ames\1. BatteryAgingARC-FY08Q4\B0006.mat
B0006,104,24.0,2008-04-23T15:34:37Z,0.06250406054880163,0.08169124692338582,C:\Users\Craig\OneDrive\Desktop\Alnoris BMSx\Data\_extracted\nasa_ames\1. BatteryAgingARC-FY08Q4\B0006.mat
B0006,106,24.0,2008-04-23T17:03:55Z,0.0627995855607608,0.0818468337271938,C:\Users\Craig\OneDrive\Desktop\Alnoris BMSx\Data\_extracted\nasa_ames\1. BatteryAgingARC-FY08Q4\B0006.mat
B0006,108,24.0,2008-04-23T20:31:10Z,0.06201388686472383,0.08131610081343171,C:\Users\Craig\OneDrive\Desktop\Alnoris BMSx\Data\_extracted\nasa_ames\1. BatteryAgingARC-FY08Q4\B0006.mat
B0006,110,24.0,2008-04-23T22:00:19Z,0.06308360062643197,0.08264257683503572,C:\Users\Craig\OneDrive\Desktop\Alnoris BMSx\Data\_extracted\nasa_ames\1. BatteryAgingARC-FY08Q4\B0006.mat
B0006,112,24.0,2008-04-24T01:19:46Z,0.06183019217410585,0.08120435160553863,C:\Users\Craig\OneDrive\Desktop\Alnoris BMSx\Data\_extracted\nasa_ames\1. BatteryAgingARC-FY08Q4\B0006.mat
B0006,114,24.0,2008-04-24T02:48:35Z,0.06313290641362876,0.0837217579093773,C:\Users\Craig\OneDrive\Desktop\Alnoris BMSx\Data\_extracted\nasa_ames\1. BatteryAgingARC-FY08Q4\B0006.mat
B0006,116,24.0,2008-04-24T06:18:12Z,0.06282694657880761,0.08347157844651079,C:\Users\Craig\OneDrive\Desktop\Alnoris BMSx\Data\_extracted\nasa_ames\1. BatteryAgingARC-FY08Q4\B0006.mat
B0006,118,24.0,2008-04-24T07:46:53Z,0.06336352421336121,0.0837975537463188,C:\Users\Craig\OneDrive\Desktop\Alnoris BMSx\Data\_extracted\nasa_ames\1. BatteryAgingARC-FY08Q4\B0006.mat
B0006,120,24.0,2008-04-24T11:17:36Z,0.06349817571333986,0.08385488671663242,C:\Users\Craig\OneDrive\Desktop\Alnoris BMSx\Data\_extracted\nasa_ames\1. BatteryAgingARC-FY08Q4\B0006.mat
B0006,122,24.0,2008-04-24T12:46:08Z,0.06264078681571249,0.08299028292337617,C:\Users\Craig\OneDrive\Desktop\Alnoris BMSx\Data\_extracted\nasa_ames\1. BatteryAgingARC-FY08Q4\B0006.mat
B0006,124,24.0,2008-04-24T16:14:07Z,0.060945139936148515,0.082015904986437,C:\Users\Craig\OneDrive\Desktop\Alnoris BMSx\Data\_extracted\nasa_ames\1. BatteryAgingARC-FY08Q4\B0006.mat
B0006,126,24.0,2008-04-24T17:42:40Z,0.06395085325023771,0.0832684036551876,C:\Users\Craig\OneDrive\Desktop\Alnoris BMSx\Data\_extracted\nasa_ames\1. BatteryAgingARC-FY08Q4\B0006.mat
B0006,128,24.0,2008-04-24T21:06:22Z,0.0639175801612165,0.08216571708748939,C:\Users\Craig\OneDrive\Desktop\Alnoris BMSx\Data\_extracted\nasa_ames\1. BatteryAgingARC-FY08Q4\B0006.mat
B0006,130,24.0,2008-04-24T22:34:45Z,0.061914442984428886,0.0827944269463386,C:\Users\Craig\OneDrive\Desktop\Alnoris BMSx\Data\_extracted\nasa_ames\1. BatteryAgingARC-FY08Q4\B0006.mat
B0006,132,24.0,2008-04-25T01:57:07Z,0.06223664045181756,0.08227519539898062,C:\Users\Craig\OneDrive\Desktop\Alnoris BMSx\Data\_extracted\nasa_ames\1. BatteryAgingARC-FY08Q4\B0006.mat
B0006,136,24.0,2008-04-25T21:00:31Z,0.06368589032225634,0.08410980261203092,C:\Users\Craig\OneDrive\Desktop\Alnoris BMSx\Data\_extracted\nasa_ames\1. BatteryAgingARC-FY08Q4\B0006.mat
B0006,138,24.0,2008-04-26T00:32:46Z,0.06203106446308808,0.08319177703888532,C:\Users\Craig\OneDrive\Desktop\Alnoris BMSx\Data\_extracted\nasa_ames\1. BatteryAgingARC-FY08Q4\B0006.mat
B0006,140,24.0,2008-04-26T02:00:52Z,0.06394139531038306,0.08439590554803003,C:\Users\Craig\OneDrive\Desktop\Alnoris BMSx\Data\_extracted\nasa_ames\1. BatteryAgingARC-FY08Q4\B0006.mat
B0006,142,24.0,2008-04-26T05:25:46Z,0.06250649038034015,0.08426848073493345,C:\Users\Craig\OneDrive\Desktop\Alnoris BMSx\Data\_extracted\nasa_ames\1. BatteryAgingARC-FY08Q4\B0006.mat
B0006,144,24.0,2008-04-26T06:53:34Z,0.06334074841835481,0.08443325960211569,C:\Users\Craig\OneDrive\Desktop\Alnoris BMSx\Data\_extracted\nasa_ames\1. BatteryAgingARC-FY08Q4\B0006.mat
B0006,146,24.0,2008-04-26T10:26:36Z,0.06261533272747599,0.0839721783477321,C:\Users\Craig\OneDrive\Desktop\Alnoris BMSx\Data\_extracted\nasa_ames\1. BatteryAgingARC-FY08Q4\B0006.mat
B0006,150,24.0,2008-04-29T13:12:54Z,0.0659851482712769,0.08205908433058269,C:\Users\Craig\OneDrive\Desktop\Alnoris BMSx\Data\_extracted\nasa_ames\1. BatteryAgingARC-FY08Q4\B0006.mat
B0006,152,24.0,2008-04-29T16:33:38Z,0.0645724621588098,0.08034229300933068,C:\Users\Craig\OneDrive\Desktop\Alnoris BMSx\Data\_extracted\nasa_ames\1. BatteryAgingARC-FY08Q4\B0006.mat
B0006,154,24.0,2008-04-29T18:02:21Z,0.06584265367322818,0.08228467898593818,C:\Users\Craig\OneDrive\Desktop\Alnoris BMSx\Data\_extracted\nasa_ames\1. BatteryAgingARC-FY08Q4\B0006.mat
B0006,156,24.0,2008-04-29T21:28:15Z,0.06368615846693702,0.08236363977175419,C:\Users\Craig\OneDrive\Desktop\Alnoris BMSx\Data\_extracted\nasa_ames\1. BatteryAgingARC-FY08Q4\B0006.mat
B0006,158,24.0,2008-04-29T22:56:30Z,0.06586299475840429,0.08404816384807184,C:\Users\Craig\OneDrive\Desktop\Alnoris BMSx\Data\_extracted\nasa_ames\1. BatteryAgingARC-FY08Q4\B0006.mat
B0006,160,24.0,2008-04-30T02:12:05Z,0.06291209789909709,0.08214102281998399,C:\Users\Craig\OneDrive\Desktop\Alnoris BMSx\Data\_extracted\nasa_ames\1. BatteryAgingARC-FY08Q4\B0006.mat
B0006,162,24.0,2008-04-30T03:40:03Z,0.06445446289569287,0.08372729247372598,C:\Users\Craig\OneDrive\Desktop\Alnoris BMSx\Data\_extracted\nasa_ames\1. BatteryAgingARC-FY08Q4\B0006.mat
B0006,164,24.0,2008-04-30T07:09:52Z,0.06366741172107057,0.08296956725555057,C:\Users\Craig\OneDrive\Desktop\Alnoris BMSx\Data\_extracted\nasa_ames\1. BatteryAgingARC-FY08Q4\B0006.mat
B0006,166,24.0,2008-04-30T08:37:42Z,0.06449971024722613,0.08439116060930645,C:\Users\Craig\OneDrive\Desktop\Alnoris BMSx\Data\_extracted\nasa_ames\1. BatteryAgingARC-FY08Q4\B0006.mat
B0006,168,24.0,2008-04-30T11:56:59Z,0.06454586928056331,0.08390558187210605,C:\Users\Craig\OneDrive\Desktop\Alnoris BMSx\Data\_extracted\nasa_ames\1. BatteryAgingARC-FY08Q4\B0006.mat
B0006,170,24.0,2008-04-30T13:24:39Z,0.06462222077599941,0.08347874261289515,C:\Users\Craig\OneDrive\Desktop\Alnoris BMSx\Data\_extracted\nasa_ames\1. BatteryAgingARC-FY08Q4\B0006.mat
B0006,172,24.0,2008-04-30T16:48:25Z,0.06441730776729335,0.08332080296168762,C:\Users\Craig\OneDrive\Desktop\Alnoris BMSx\Data\_extracted\nasa_ames\1. BatteryAgingARC-FY08Q4\B0006.mat
B0006,174,24.0,2008-04-30T18:16:07Z,0.06535744633615422,0.08372284778321133,C:\Users\Craig\OneDrive\Desktop\Alnoris BMSx\Data\_extracted\nasa_ames\1. BatteryAgingARC-FY08Q4\B0006.mat
B0006,176,24.0,2008-04-30T21:43:03Z,0.06517362934686399,0.08478155339352322,C:\Users\Craig\OneDrive\Desktop\Alnoris BMSx\Data\_extracted\nasa_ames\1. BatteryAgingARC-FY08Q4\B0006.mat
B0006,178,24.0,2008-04-30T23:10:36Z,0.0657374096950185,0.08640081854624075,C:\Users\Craig\OneDrive\Desktop\Alnoris BMSx\Data\_extracted\nasa_ames\1. BatteryAgingARC-FY08Q4\B0006.mat
B0006,180,24.0,2008-05-01T02:43:42Z,0.06359515956336817,0.08418492196132377,C:\Users\Craig\OneDrive\Desktop\Alnoris BMSx\Data\_extracted\nasa_ames\1. BatteryAgingARC-FY08Q4\B0006.mat
B0006,182,24.0,2008-05-01T04:11:07Z,0.06569551042223239,0.08528415424415496,C:\Users\Craig\OneDrive\Desktop\Alnoris BMSx\Data\_extracted\nasa_ames\1. BatteryAgingARC-FY08Q4\B0006.mat
B0006,184,24.0,2008-05-01T07:44:12Z,0.06528547500729169,0.08605041403439097,C:\Users\Craig\OneDrive\Desktop\Alnoris BMSx\Data\_extracted\nasa_ames\1. BatteryAgingARC-FY08Q4\B0006.mat
B0006,186,24.0,2008-05-01T09:11:27Z,0.06608858001407364,0.08697381626854853,C:\Users\Craig\OneDrive\Desktop\Alnoris BMSx\Data\_extracted\nasa_ames\1. BatteryAgingARC-FY08Q4\B0006.mat
B0006,188,24.0,2008-05-01T12:42:34Z,0.06653396257005847,0.08674821993371198,C:\Users\Craig\OneDrive\Desktop\Alnoris BMSx\Data\_extracted\nasa_ames\1. BatteryAgingARC-FY08Q4\B0006.mat
B0006,190,24.0,2008-05-01T14:09:50Z,0.0673918549622027,0.0861118887620564,C:\Users\Craig\OneDrive\Desktop\Alnoris BMSx\Data\_extracted\nasa_ames\1. BatteryAgingARC-FY08Q4\B0006.mat
B0006,192,24.0,2008-05-01T17:39:20Z,0.06634112534272091,0.08720558299891104,C:\Users\Craig\OneDrive\Desktop\Alnoris BMSx\Data\_extracted\nasa_ames\1. BatteryAgingARC-FY08Q4\B0006.mat
B0006,194,24.0,2008-05-01T19:06:26Z,0.0671457542138853,0.08632770749811566,C:\Users\Craig\OneDrive\Desktop\Alnoris BMSx\Data\_extracted\nasa_ames\1. BatteryAgingARC-FY08Q4\B0006.mat
B0006,196,24.0,2008-05-01T22:38:24Z,0.06590996191117977,0.08712834097374948,C:\Users\Craig\OneDrive\Desktop\Alnoris BMSx\Data\_extracted\nasa_ames\1. BatteryAgingARC-FY08Q4\B0006.mat
B0006,198,24.0,2008-05-02T00:05:31Z,0.06656218407046685,0.0876302548566821,C:\Users\Craig\OneDrive\Desktop\Alnoris BMSx\Data\_extracted\nasa_ames\1. BatteryAgingARC-FY08Q4\B0006.mat
B0006,200,24.0,2008-05-02T03:21:43Z,0.06605623626692969,0.08756285633165226,C:\Users\Craig\OneDrive\Desktop\Alnoris BMSx\Data\_extracted\nasa_ames\1. BatteryAgingARC-FY08Q4\B0006.mat
B0006,202,24.0,2008-05-02T04:48:33Z,0.06683041793365703,0.0881304972895854,C:\Users\Craig\OneDrive\Desktop\Alnoris BMSx\Data\_extracted\nasa_ames\1. BatteryAgingARC-FY08Q4\B0006.mat
B0006,204,24.0,2008-05-02T08:12:49Z,0.06590274256382748,0.08820859113319164,C:\Users\Craig\OneDrive\Desktop\Alnoris BMSx\Data\_extracted\nasa_ames\1. BatteryAgingARC-FY08Q4\B0006.mat
B0006,206,24.0,2008-05-02T09:39:40Z,0.0671228648017542,0.08952481378716437,C:\Users\Craig\OneDrive\Desktop\Alnoris BMSx\Data\_extracted\nasa_ames\1. BatteryAgingARC-FY08Q4\B0006.mat
B0006,208,24.0,2008-05-02T13:11:13Z,0.06791172070092616,0.08831509615303365,C:\Users\Craig\OneDrive\Desktop\Alnoris BMSx\Data\_extracted\nasa_ames\1. BatteryAgingARC-FY08Q4\B0006.mat
B0006,210,24.0,2008-05-02T14:37:55Z,0.06804767963498151,0.08818918574404519,C:\Users\Craig\OneDrive\Desktop\Alnoris BMSx\Data\_extracted\nasa_ames\1. BatteryAgingARC-FY08Q4\B0006.mat
B0006,212,24.0,2008-05-02T18:11:03Z,0.06674377333784236,0.08857968181390717,C:\Users\Craig\OneDrive\Desktop\Alnoris BMSx\Data\_extracted\nasa_ames\1. BatteryAgingARC-FY08Q4\B0006.mat
B0006,216,24.0,2008-05-03T00:18:59Z,0.06787371479427354,0.08934891169767059,C:\Users\Craig\OneDrive\Desktop\Alnoris BMSx\Data\_extracted\nasa_ames\1. BatteryAgingARC-FY08Q4\B0006.mat
B0006,218,24.0,2008-05-03T03:41:16Z,0.06641297510611752,0.0895032370200492,C:\Users\Craig\OneDrive\Desktop\Alnoris BMSx\Data\_extracted\nasa_ames\1. BatteryAgingARC-FY08Q4\B0006.mat
B0006,220,24.0,2008-05-03T05:07:41Z,0.06842378612071928,0.0901555365219136,C:\Users\Craig\OneDrive\Desktop\Alnoris BMSx\Data\_extracted\nasa_ames\1. BatteryAgingARC-FY08Q4\B0006.mat
B0006,222,24.0,2008-05-03T08:38:27Z,0.06686868471567307,0.08981021390663306,C:\Users\Craig\OneDrive\Desktop\Alnoris BMSx\Data\_extracted\nasa_ames\1. BatteryAgingARC-FY08Q4\B0006.mat
B0006,224,24.0,2008-05-03T10:04:43Z,0.06826417312265938,0.09040770934408239,C:\Users\Craig\OneDrive\Desktop\Alnoris BMSx\Data\_extracted\nasa_ames\1. BatteryAgingARC-FY08Q4\B0006.mat
B0006,226,24.0,2008-05-03T13:32:41Z,0.0675638979208385,0.09093282660720825,C:\Users\Craig\OneDrive\Desktop\Alnoris BMSx\Data\_extracted\nasa_ames\1. BatteryAgingARC-FY08Q4\B0006.mat
B0006,228,24.0,2008-05-03T14:58:49Z,0.06774703943897442,0.0901563443871731,C:\Users\Craig\OneDrive\Desktop\Alnoris BMSx\Data\_extracted\nasa_ames\1. BatteryAgingARC-FY08Q4\B0006.mat
B0006,230,24.0,2008-05-03T18:26:20Z,0.06767916633501396,0.09097518732194294,C:\Users\Craig\OneDrive\Desktop\Alnoris BMSx\Data\_extracted\nasa_ames\1. BatteryAgingARC-FY08Q4\B0006.mat
B0006,232,24.0,2008-05-03T19:52:28Z,0.06860934588238804,0.09068687374298401,C:\Users\Craig\OneDrive\Desktop\Alnoris BMSx\Data\_extracted\nasa_ames\1. BatteryAgingARC-FY08Q4\B0006.mat
B0006,234,24.0,2008-05-03T23:10:37Z,0.0679726933427561,0.09232410955240872,C:\Users\Craig\OneDrive\Desktop\Alnoris BMSx\Data\_extracted\nasa_ames\1. BatteryAgingARC-FY08Q4\B0006.mat
B0006,236,24.0,2008-05-04T00:36:36Z,0.06856628257658516,0.09028017093370612,C:\Users\Craig\OneDrive\Desktop\Alnoris BMSx\Data\_extracted\nasa_ames\1. BatteryAgingARC-FY08Q4\B0006.mat
B0006,238,24.0,2008-05-04T04:09:47Z,0.06833354741887734,0.09201668954083403,C:\Users\Craig\OneDrive\Desktop\Alnoris BMSx\Data\_extracted\nasa_ames\1. BatteryAgingARC-FY08Q4\B0006.mat
B0006,240,24.0,2008-05-04T05:35:36Z,0.06838165618496082,0.09097113788599188,C:\Users\Craig\OneDrive\Desktop\Alnoris BMSx\Data\_extracted\nasa_ames\1. BatteryAgingARC-FY08Q4\B0006.mat
B0006,242,24.0,2008-05-04T09:08:18Z,0.06885136093381199,0.0925822548520223,C:\Users\Craig\OneDrive\Desktop\Alnoris BMSx\Data\_extracted\nasa_ames\1. BatteryAgingARC-FY08Q4\B0006.mat
B0006,244,24.0,2008-05-04T10:34:08Z,0.06936455209326015,0.09111307751610045,C:\Users\Craig\OneDrive\Desktop\Alnoris BMSx\Data\_extracted\nasa_ames\1. BatteryAgingARC-FY08Q4\B0006.mat
B0006,246,24.0,2008-05-04T14:06:20Z,0.06906646906873301,0.0934909607320899,C:\Users\Craig\OneDrive\Desktop\Alnoris BMSx\Data\_extracted\nasa_ames\1. BatteryAgingARC-FY08Q4\B0006.mat
B0006,248,24.0,2008-05-04T15:32:01Z,0.06981284024900297,0.09154323806605419,C:\Users\Craig\OneDrive\Desktop\Alnoris BMSx\Data\_extracted\nasa_ames\1. BatteryAgingARC-FY08Q4\B0006.mat
B0006,250,24.0,2008-05-04T19:05:14Z,0.06870914709601504,0.09387730518518865,C:\Users\Craig\OneDrive\Desktop\Alnoris BMSx\Data\_extracted\nasa_ames\1. BatteryAgingARC-FY08Q4\B0006.mat
B0006,252,24.0,2008-05-04T20:30:47Z,0.06972534834514055,0.09161565328372992,C:\Users\Craig\OneDrive\Desktop\Alnoris BMSx\Data\_extracted\nasa_ames\1. BatteryAgingARC-FY08Q4\B0006.mat
B0006,254,24.0,2008-05-05T00:04:00Z,0.06952595566680789,0.09418623001298362,C:\Users\Craig\OneDrive\Desktop\Alnoris BMSx\Data\_extracted\nasa_ames\1. BatteryAgingARC-FY08Q4\B0006.mat
B0006,256,24.0,2008-05-05T01:29:24Z,0.06923026401542158,0.09233738103251986,C:\Users\Craig\OneDrive\Desktop\Alnoris BMSx\Data\_extracted\nasa_ames\1. BatteryAgingARC-FY08Q4\B0006.mat
B0006,258,24.0,2008-05-05T04:56:20Z,0.06825231466048369,0.09343980119280403,C:\Users\Craig\OneDrive\Desktop\Alnoris BMSx\Data\_extracted\nasa_ames\1. BatteryAgingARC-FY08Q4\B0006.mat
B0006,260,24.0,2008-05-05T06:21:44Z,0.06891786116947377,0.09149357719093887,C:\Users\Craig\OneDrive\Desktop\Alnoris BMSx\Data\_extracted\nasa_ames\1. BatteryAgingARC-FY08Q4\B0006.mat
B0006,262,24.0,2008-05-05T09:54:58Z,0.06960330384223117,0.09561343002331575,C:\Users\Craig\OneDrive\Desktop\Alnoris BMSx\Data\_extracted\nasa_ames\1. BatteryAgingARC-FY08Q4\B0006.mat
B0006,266,24.0,2008-05-05T21:33:38Z,0.07057714520177544,0.0924269028093456,C:\Users\Craig\OneDrive\Desktop\Alnoris BMSx\Data\_extracted\nasa_ames\1. BatteryAgingARC-FY08Q4\B0006.mat
B0006,268,24.0,2008-05-06T01:06:52Z,0.06944383967261045,0.09508674404018921,C:\Users\Craig\OneDrive\Desktop\Alnoris BMSx\Data\_extracted\nasa_ames\1. BatteryAgingARC-FY08Q4\B0006.mat
B0006,270,24.0,2008-05-06T02:31:59Z,0.06983595497026351,0.09248565148585214,C:\Users\Craig\OneDrive\Desktop\Alnoris BMSx\Data\_extracted\nasa_ames\1. BatteryAgingARC-FY08Q4\B0006.mat
B0006,272,24.0,2008-05-06T06:05:11Z,0.0692409257238966,0.09541147475162996,C:\Users\Craig\OneDrive\Desktop\Alnoris BMSx\Data\_extracted\nasa_ames\1. BatteryAgingARC-FY08Q4\B0006.mat
B0006,274,24.0,2008-05-06T07:30:10Z,0.06990013486335687,0.09343565348198297,C:\Users\Craig\OneDrive\Desktop\Alnoris BMSx\Data\_extracted\nasa_ames\1. BatteryAgingARC-FY08Q4\B0006.mat
B0006,276,24.0,2008-05-06T10:53:26Z,0.07018023704211739,0.09580053634249773,C:\Users\Craig\OneDrive\Desktop\Alnoris BMSx\Data\_extracted\nasa_ames\1. BatteryAgingARC-FY08Q4\B0006.mat
B0006,278,24.0,2008-05-06T12:18:26Z,0.07073773149658581,0.09452066543188685,C:\Users\Craig\OneDrive\Desktop\Alnoris BMSx\Data\_extracted\nasa_ames\1. BatteryAgingARC-FY08Q4\B0006.mat
B0006,280,24.0,2008-05-06T15:51:41Z,0.07032112501568692,0.09530176637205882,C:\Users\Craig\OneDrive\Desktop\Alnoris BMSx\Data\_extracted\nasa_ames\1. BatteryAgingARC-FY08Q4\B0006.mat
B0006,282,24.0,2008-05-06T17:16:40Z,0.07084182825182998,0.09379226536803063,C:\Users\Craig\OneDrive\Desktop\Alnoris BMSx\Data\_extracted\nasa_ames\1. BatteryAgingARC-FY08Q4\B0006.mat
B0006,284,24.0,2008-05-06T20:49:54Z,0.06930780981897802,0.09454813120638911,C:\Users\Craig\OneDrive\Desktop\Alnoris BMSx\Data\_extracted\nasa_ames\1. BatteryAgingARC-FY08Q4\B0006.mat
B0006,286,24.0,2008-05-06T22:14:45Z,0.07177894475349142,0.09233933765862073,C:\Users\Craig\OneDrive\Desktop\Alnoris BMSx\Data\_extracted\nasa_ames\1. BatteryAgingARC-FY08Q4\B0006.mat
B0006,288,24.0,2008-05-07T01:45:30Z,0.07066012489753228,0.09558033908197718,C:\Users\Craig\OneDrive\Desktop\Alnoris BMSx\Data\_extracted\nasa_ames\1. BatteryAgingARC-FY08Q4\B0006.mat
B0006,290,24.0,2008-05-07T03:10:20Z,0.07090729696873323,0.0926979751716576,C:\Users\Craig\OneDrive\Desktop\Alnoris BMSx\Data\_extracted\nasa_ames\1. BatteryAgingARC-FY08Q4\B0006.mat
B0006,292,24.0,2008-05-07T06:32:06Z,0.07048796563268331,0.09637484690828765,C:\Users\Craig\OneDrive\Desktop\Alnoris BMSx\Data\_extracted\nasa_ames\1. BatteryAgingARC-FY08Q4\B0006.mat
B0006,294,24.0,2008-05-07T07:56:39Z,0.07018463941503206,0.09351139693183291,C:\Users\Craig\OneDrive\Desktop\Alnoris BMSx\Data\_extracted\nasa_ames\1. BatteryAgingARC-FY08Q4\B0006.mat
B0006,296,24.0,2008-05-07T11:29:54Z,0.071253157527167,0.09693308592499948,C:\Users\Craig\OneDrive\Desktop\Alnoris BMSx\Data\_extracted\nasa_ames\1. BatteryAgingARC-FY08Q4\B0006.mat
B0006,298,24.0,2008-05-07T12:54:18Z,0.07186743983607999,0.09465159812302526,C:\Users\Craig\OneDrive\Desktop\Alnoris BMSx\Data\_extracted\nasa_ames\1. BatteryAgingARC-FY08Q4\B0006.mat
B0006,300,24.0,2008-05-07T16:27:34Z,0.07290881656804299,0.0968587759009549,C:\Users\Craig\OneDrive\Desktop\Alnoris BMSx\Data\_extracted\nasa_ames\1. BatteryAgingARC-FY08Q4\B0006.mat
B0006,302,24.0,2008-05-07T17:51:59Z,0.07182020327017155,0.09406289629370085,C:\Users\Craig\OneDrive\Desktop\Alnoris BMSx\Data\_extracted\nasa_ames\1. BatteryAgingARC-FY08Q4\B0006.mat
B0006,304,24.0,2008-05-07T21:24:14Z,0.0725103674563298,0.09660159139822988,C:\Users\Craig\OneDrive\Desktop\Alnoris BMSx\Data\_extracted\nasa_ames\1. BatteryAgingARC-FY08Q4\B0006.mat
B0006,306,24.0,2008-05-07T22:48:38Z,0.07177478049617578,0.09532003488084542,C:\Users\Craig\OneDrive\Desktop\Alnoris BMSx\Data\_extracted\nasa_ames\1. BatteryAgingARC-FY08Q4\B0006.mat
B0006,308,24.0,2008-05-08T02:21:54Z,0.07088794010729621,0.09740741420439394,C:\Users\Craig\OneDrive\Desktop\Alnoris BMSx\Data\_extracted\nasa_ames\1. BatteryAgingARC-FY08Q4\B0006.mat
B0006,310,24.0,2008-05-08T03:46:09Z,0.07036836968833657,0.09274330283644272,C:\Users\Craig\OneDrive\Desktop\Alnoris BMSx\Data\_extracted\nasa_ames\1. BatteryAgingARC-FY08Q4\B0006.mat
B0006,311,24.0,2008-05-09T11:53:10Z,0.07141473238066469,0.09614920599785416,C:\Users\Craig\OneDrive\Desktop\Alnoris BMSx\Data\_extracted\nasa_ames\1. BatteryAgingARC-FY08Q4\B0006.mat
B0006,313,24.0,2008-05-09T13:19:35Z,0.07075152805097641,0.09048196250260114,C:\Users\Craig\OneDrive\Desktop\Alnoris BMSx\Data\_extracted\nasa_ames\1. BatteryAgingARC-FY08Q4\B0006.mat
B0006,316,24.0,2008-05-09T21:21:03Z,0.07083150479026026,0.09066604075689752,C:\Users\Craig\OneDrive\Desktop\Alnoris BMSx\Data\_extracted\nasa_ames\1. BatteryAgingARC-FY08Q4\B0006.mat
B0006,318,24.0,2008-05-10T00:49:59Z,0.07030413873328058,0.0930529362512398,C:\Users\Craig\OneDrive\Desktop\Alnoris BMSx\Data\_extracted\nasa_ames\1. BatteryAgingARC-FY08Q4\B0006.mat
B0006,320,24.0,2008-05-10T02:14:42Z,0.07118362015441645,0.0928235588614077,C:\Users\Craig\OneDrive\Desktop\Alnoris BMSx\Data\_extracted\nasa_ames\1. BatteryAgingARC-FY08Q4\B0006.mat
B0006,322,24.0,2008-05-10T05:46:15Z,0.07156671814928477,0.09367023927457886,C:\Users\Craig\OneDrive\Desktop\Alnoris BMSx\Data\_extracted\nasa_ames\1. BatteryAgingARC-FY08Q4\B0006.mat
B0006,324,24.0,2008-05-10T07:10:49Z,0.07131586967408446,0.09263070337895823,C:\Users\Craig\OneDrive\Desktop\Alnoris BMSx\Data\_extracted\nasa_ames\1. BatteryAgingARC-FY08Q4\B0006.mat
B0006,326,24.0,2008-05-10T10:44:07Z,0.07235057565104601,0.09440345976365576,C:\Users\Craig\OneDrive\Desktop\Alnoris BMSx\Data\_extracted\nasa_ames\1. BatteryAgingARC-FY08Q4\B0006.mat
B0006,328,24.0,2008-05-10T12:08:32Z,0.07082699476931537,0.09249135121320001,C:\Users\Craig\OneDrive\Desktop\Alnoris BMSx\Data\_extracted\nasa_ames\1. BatteryAgingARC-FY08Q4\B0006.mat
B0006,330,24.0,2008-05-10T15:39:59Z,0.07033788263426383,0.09507092273616935,C:\Users\Craig\OneDrive\Desktop\Alnoris BMSx\Data\_extracted\nasa_ames\1. BatteryAgingARC-FY08Q4\B0006.mat
B0006,332,24.0,2008-05-10T17:04:16Z,0.0712990567757895,0.09306498833833467,C:\Users\Craig\OneDrive\Desktop\Alnoris BMSx\Data\_extracted\nasa_ames\1. BatteryAgingARC-FY08Q4\B0006.mat
B0006,334,24.0,2008-05-10T20:35:57Z,0.07148316063857231,0.09546831610525248,C:\Users\Craig\OneDrive\Desktop\Alnoris BMSx\Data\_extracted\nasa_ames\1. BatteryAgingARC-FY08Q4\B0006.mat
B0006,336,24.0,2008-05-10T22:00:05Z,0.07153178049404317,0.09395541657590765,C:\Users\Craig\OneDrive\Desktop\Alnoris BMSx\Data\_extracted\nasa_ames\1. BatteryAgingARC-FY08Q4\B0006.mat
B0006,338,24.0,2008-05-11T01:33:24Z,0.07177878179971342,0.09678915937102545,C:\Users\Craig\OneDrive\Desktop\Alnoris BMSx\Data\_extracted\nasa_ames\1. BatteryAgingARC-FY08Q4\B0006.mat
B0006,340,24.0,2008-05-11T02:57:32Z,0.07210470131692288,0.09426903728901763,C:\Users\Craig\OneDrive\Desktop\Alnoris BMSx\Data\_extracted\nasa_ames\1. BatteryAgingARC-FY08Q4\B0006.mat
B0006,342,24.0,2008-05-11T06:23:30Z,0.07217659052012376,0.09731548106056298,C:\Users\Craig\OneDrive\Desktop\Alnoris BMSx\Data\_extracted\nasa_ames\1. BatteryAgingARC-FY08Q4\B0006.mat
B0006,344,24.0,2008-05-11T07:47:30Z,0.07254046891986726,0.09511625677952429,C:\Users\Craig\OneDrive\Desktop\Alnoris BMSx\Data\_extracted\nasa_ames\1. BatteryAgingARC-FY08Q4\B0006.mat
B0006,346,24.0,2008-05-11T11:20:49Z,0.07275773932145782,0.09742370041141407,C:\Users\Craig\OneDrive\Desktop\Alnoris BMSx\Data\_extracted\nasa_ames\1. BatteryAgingARC-FY08Q4\B0006.mat
B0006,348,24.0,2008-05-11T12:44:40Z,0.07242420049463154,0.09419821095899443,C:\Users\Craig\OneDrive\Desktop\Alnoris BMSx\Data\_extracted\nasa_ames\1. BatteryAgingARC-FY08Q4\B0006.mat
B0006,350,24.0,2008-05-11T16:18:00Z,0.07161196696477634,0.09618267512171286,C:\Users\Craig\OneDrive\Desktop\Alnoris BMSx\Data\_extracted\nasa_ames\1. BatteryAgingARC-FY08Q4\B0006.mat
B0006,352,24.0,2008-05-11T17:41:53Z,0.07177274897642728,0.09431269324325077,C:\Users\Craig\OneDrive\Desktop\Alnoris BMSx\Data\_extracted\nasa_ames\1. BatteryAgingARC-FY08Q4\B0006.mat
B0006,354,24.0,2008-05-11T21:15:14Z,0.07236285655797875,0.09800608224040097,C:\Users\Craig\OneDrive\Desktop\Alnoris BMSx\Data\_extracted\nasa_ames\1. BatteryAgingARC-FY08Q4\B0006.mat
B0006,356,24.0,2008-05-11T22:38:57Z,0.07197325031942853,0.09403994753481937,C:\Users\Craig\OneDrive\Desktop\Alnoris BMSx\Data\_extracted\nasa_ames\1. BatteryAgingARC-FY08Q4\B0006.mat
B0006,358,24.0,2008-05-12T02:05:00Z,0.07217187946582546,0.09754420653220938,C:\Users\Craig\OneDrive\Desktop\Alnoris BMSx\Data\_extracted\nasa_ames\1. BatteryAgingARC-FY08Q4\B0006.mat
B0006,360,24.0,2008-05-12T03:28:34Z,0.07218496036569667,0.09436432368311946,C:\Users\Craig\OneDrive\Desktop\Alnoris BMSx\Data\_extracted\nasa_ames\1. BatteryAgingARC-FY08Q4\B0006.mat
B0006,362,24.0,2008-05-12T12:24:36Z,0.07327514105662862,0.09816756377374604,C:\Users\Craig\OneDrive\Desktop\Alnoris BMSx\Data\_extracted\nasa_ames\1. BatteryAgingARC-FY08Q4\B0006.mat
B0006,364,24.0,2008-05-12T13:48:19Z,0.07255344400984245,0.09400039614590885,C:\Users\Craig\OneDrive\Desktop\Alnoris BMSx\Data\_extracted\nasa_ames\1. BatteryAgingARC-FY08Q4\B0006.mat
B0006,367,24.0,2008-05-12T19:51:52Z,0.07279898453381024,0.0935192293551594,C:\Users\Craig\OneDrive\Desktop\Alnoris BMSx\Data\_extracted\nasa_ames\1. BatteryAgingARC-FY08Q4\B0006.mat
B0006,369,24.0,2008-05-12T23:21:19Z,0.0737422116355231,0.09682011701371697,C:\Users\Craig\OneDrive\Desktop\Alnoris BMSx\Data\_extracted\nasa_ames\1. BatteryAgingARC-FY08Q4\B0006.mat
B0006,371,24.0,2008-05-13T00:44:53Z,0.07230626414964644,0.09373318368991343,C:\Users\Craig\OneDrive\Desktop\Alnoris BMSx\Data\_extracted\nasa_ames\1. BatteryAgingARC-FY08Q4\B0006.mat
B0006,373,24.0,2008-05-13T04:03:26Z,0.07351181896001253,0.09784840606777727,C:\Users\Craig\OneDrive\Desktop\Alnoris BMSx\Data\_extracted\nasa_ames\1. BatteryAgingARC-FY08Q4\B0006.mat
B0006,375,24.0,2008-05-13T05:26:51Z,0.0731481609531371,0.09450117088751923,C:\Users\Craig\OneDrive\Desktop\Alnoris BMSx\Data\_extracted\nasa_ames\1. BatteryAgingARC-FY08Q4\B0006.mat
B0006,377,24.0,2008-05-13T08:52:05Z,0.07363095072187217,0.09872074778143794,C:\Users\Craig\OneDrive\Desktop\Alnoris BMSx\Data\_extracted\nasa_ames\1. BatteryAgingARC-FY08Q4\B0006.mat
B0006,379,24.0,2008-05-13T10:15:02Z,0.07258698856788243,0.0942767204381327,C:\Users\Craig\OneDrive\Desktop\Alnoris BMSx\Data\_extracted\nasa_ames\1. BatteryAgingARC-FY08Q4\B0006.mat
B0006,381,24.0,2008-05-13T13:48:25Z,0.07483720295528123,0.09855595497783809,C:\Users\Craig\OneDrive\Desktop\Alnoris BMSx\Data\_extracted\nasa_ames\1. BatteryAgingARC-FY08Q4\B0006.mat
B0006,383,24.0,2008-05-13T15:11:42Z,0.07231062653103708,0.09437378694839117,C:\Users\Craig\OneDrive\Desktop\Alnoris BMSx\Data\_extracted\nasa_ames\1. BatteryAgingARC-FY08Q4\B0006.mat
B0006,385,24.0,2008-05-13T18:32:21Z,0.07422880685868813,0.09794583413307753,C:\Users\Craig\OneDrive\Desktop\Alnoris BMSx\Data\_extracted\nasa_ames\1. BatteryAgingARC-FY08Q4\B0006.mat
B0006,387,24.0,2008-05-13T19:55:29Z,0.07185660712942502,0.09376323440193435,C:\Users\Craig\OneDrive\Desktop\Alnoris BMSx\Data\_extracted\nasa_ames\1. BatteryAgingARC-FY08Q4\B0006.mat
B0006,389,24.0,2008-05-13T23:27:26Z,0.07359262883289279,0.09794263420249376,C:\Users\Craig\OneDrive\Desktop\Alnoris BMSx\Data\_extracted\nasa_ames\1. BatteryAgingARC-FY08Q4\B0006.mat
B0006,391,24.0,2008-05-14T00:50:35Z,0.07355530338796804,0.09481493549893713,C:\Users\Craig\OneDrive\Desktop\Alnoris BMSx\Data\_extracted\nasa_ames\1. BatteryAgingARC-FY08Q4\B0006.mat
B0006,393,24.0,2008-05-14T04:23:57Z,0.07428961541366103,0.09782803971993742,C:\Users\Craig\OneDrive\Desktop\Alnoris BMSx\Data\_extracted\nasa_ames\1. BatteryAgingARC-FY08Q4\B0006.mat
B0006,395,24.0,2008-05-14T05:46:58Z,0.07377742233884306,0.09550761968799028,C:\Users\Craig\OneDrive\Desktop\Alnoris BMSx\Data\_extracted\nasa_ames\1. BatteryAgingARC-FY08Q4\B0006.mat
B0006,397,24.0,2008-05-14T09:20:22Z,0.07436247289279864,0.100297485432866,C:\Users\Craig\OneDrive\Desktop\Alnoris BMSx\Data\_extracted\nasa_ames\1. BatteryAgingARC-FY08Q4\B0006.mat
B0006,399,24.0,2008-05-14T10:43:12Z,0.07280893667527459,0.09466825353513973,C:\Users\Craig\OneDrive\Desktop\Alnoris BMSx\Data\_extracted\nasa_ames\1. BatteryAgingARC-FY08Q4\B0006.mat
B0006,401,24.0,2008-05-14T14:03:22Z,0.07308819155500623,0.10028552688952369,C:\Users\Craig\OneDrive\Desktop\Alnoris BMSx\Data\_extracted\nasa_ames\1. BatteryAgingARC-FY08Q4\B0006.mat
B0006,403,24.0,2008-05-14T15:26:13Z,0.07423988397360735,0.09455851844360653,C:\Users\Craig\OneDrive\Desktop\Alnoris BMSx\Data\_extracted\nasa_ames\1. BatteryAgingARC-FY08Q4\B0006.mat
B0006,405,24.0,2008-05-14T18:59:38Z,0.07390565956199621,0.10034826354300655,C:\Users\Craig\OneDrive\Desktop\Alnoris BMSx\Data\_extracted\nasa_ames\1. BatteryAgingARC-FY08Q4\B0006.mat
B0006,407,24.0,2008-05-14T20:22:30Z,0.07351251053388887,0.09455928328741696,C:\Users\Craig\OneDrive\Desktop\Alnoris BMSx\Data\_extracted\nasa_ames\1. BatteryAgingARC-FY08Q4\B0006.mat
B0006,409,24.0,2008-05-14T23:55:55Z,0.07406486350284623,0.09903658397481056,C:\Users\Craig\OneDrive\Desktop\Alnoris BMSx\Data\_extracted\nasa_ames\1. BatteryAgingARC-FY08Q4\B0006.mat
B0006,411,24.0,2008-05-15T01:18:37Z,0.07290767778143425,0.09500166880506605,C:\Users\Craig\OneDrive\Desktop\Alnoris BMSx\Data\_extracted\nasa_ames\1. BatteryAgingARC-FY08Q4\B0006.mat
B0006,413,24.0,2008-05-15T04:52:04Z,0.07434066648007011,0.10067908230747398,C:\Users\Craig\OneDrive\Desktop\Alnoris BMSx\Data\_extracted\nasa_ames\1. BatteryAgingARC-FY08Q4\B0006.mat
B0006,415,24.0,2008-05-15T06:14:38Z,0.07276351441984508,0.0952721862664049,C:\Users\Craig\OneDrive\Desktop\Alnoris BMSx\Data\_extracted\nasa_ames\1. BatteryAgingARC-FY08Q4\B0006.mat
B0006,417,24.0,2008-05-15T09:48:03Z,0.0749835856113319,0.1003809603504959,C:\Users\Craig\OneDrive\Desktop\Alnoris BMSx\Data\_extracted\nasa_ames\1. BatteryAgingARC-FY08Q4\B0006.mat
B0006,419,24.0,2008-05-15T11:10:28Z,0.07280904458053215,0.09417469896249388,C:\Users\Craig\OneDrive\Desktop\Alnoris BMSx\Data\_extracted\nasa_ames\1. BatteryAgingARC-FY08Q4\B0006.mat
B0006,421,24.0,2008-05-15T14:38:58Z,0.07363422580248341,0.10034341350119641,C:\Users\Craig\OneDrive\Desktop\Alnoris BMSx\Data\_extracted\nasa_ames\1. BatteryAgingARC-FY08Q4\B0006.mat
B0006,423,24.0,2008-05-15T16:01:23Z,0.07366216781831048,0.09401252729903897,C:\Users\Craig\OneDrive\Desktop\Alnoris BMSx\Data\_extracted\nasa_ames\1. BatteryAgingARC-FY08Q4\B0006.mat
B0006,425,24.0,2008-05-15T19:24:46Z,0.07495654638579109,0.0986748779007716,C:\Users\Craig\OneDrive\Desktop\Alnoris BMSx\Data\_extracted\nasa_ames\1. BatteryAgingARC-FY08Q4\B0006.mat
B0006,427,24.0,2008-05-15T20:47:12Z,0.07300473215689747,0.09488419183565079,C:\Users\Craig\OneDrive\Desktop\Alnoris BMSx\Data\_extracted\nasa_ames\1. BatteryAgingARC-FY08Q4\B0006.mat
B0006,429,24.0,2008-05-16T00:09:33Z,0.075132937700244,0.09988518450397564,C:\Users\Craig\OneDrive\Desktop\Alnoris BMSx\Data\_extracted\nasa_ames\1. BatteryAgingARC-FY08Q4\B0006.mat
B0006,433,24.0,2008-05-16T22:28:31Z,0.07456415358800406,0.09465513038241297,C:\Users\Craig\OneDrive\Desktop\Alnoris BMSx\Data\_extracted\nasa_ames\1. BatteryAgingARC-FY08Q4\B0006.mat
B0006,435,24.0,2008-05-17T02:00:12Z,0.07592804413673004,0.10032970664387303,C:\Users\Craig\OneDrive\Desktop\Alnoris BMSx\Data\_extracted\nasa_ames\1. BatteryAgingARC-FY08Q4\B0006.mat
B0006,437,24.0,2008-05-17T03:22:47Z,0.07343307367232554,0.09496461248763269,C:\Users\Craig\OneDrive\Desktop\Alnoris BMSx\Data\_extracted\nasa_ames\1. BatteryAgingARC-FY08Q4\B0006.mat
B0006,439,24.0,2008-05-17T06:53:18Z,0.07550871785129283,0.10116073256897913,C:\Users\Craig\OneDrive\Desktop\Alnoris BMSx\Data\_extracted\nasa_ames\1. BatteryAgingARC-FY08Q4\B0006.mat
B0006,441,24.0,2008-05-17T08:15:45Z,0.07401683695868191,0.09598514883171738,C:\Users\Craig\OneDrive\Desktop\Alnoris BMSx\Data\_extracted\nasa_ames\1. BatteryAgingARC-FY08Q4\B0006.mat
B0006,443,24.0,2008-05-17T11:49:14Z,0.07460959963253604,0.10145892418195081,C:\Users\Craig\OneDrive\Desktop\Alnoris BMSx\Data\_extracted\nasa_ames\1. BatteryAgingARC-FY08Q4\B0006.mat
B0006,445,24.0,2008-05-17T13:11:30Z,0.07392462060613289,0.09596990760137802,C:\Users\Craig\OneDrive\Desktop\Alnoris BMSx\Data\_extracted\nasa_ames\1. BatteryAgingARC-FY08Q4\B0006.mat
B0006,447,24.0,2008-05-17T16:43:35Z,0.07487960335651152,0.10060335245891304,C:\Users\Craig\OneDrive\Desktop\Alnoris BMSx\Data\_extracted\nasa_ames\1. BatteryAgingARC-FY08Q4\B0006.mat
B0006,449,24.0,2008-05-17T18:05:53Z,0.07350439612412557,0.09612015257573586,C:\Users\Craig\OneDrive\Desktop\Alnoris BMSx\Data\_extracted\nasa_ames\1. BatteryAgingARC-FY08Q4\B0006.mat
B0006,451,24.0,2008-05-17T21:38:49Z,0.07528060880004324,0.10254518763662164,C:\Users\Craig\OneDrive\Desktop\Alnoris BMSx\Data\_extracted\nasa_ames\1. BatteryAgingARC-FY08Q4\B0006.mat
B0006,453,24.0,2008-05-17T23:00:48Z,0.07264208276353092,0.09534113281992042,C:\Users\Craig\OneDrive\Desktop\Alnoris BMSx\Data\_extracted\nasa_ames\1. BatteryAgingARC-FY08Q4\B0006.mat
B0006,455,24.0,2008-05-18T02:33:17Z,0.07499556374166019,0.10138737916427212,C:\Users\Craig\OneDrive\Desktop\Alnoris BMSx\Data\_extracted\nasa_ames\1. BatteryAgingARC-FY08Q4\B0006.mat
B0006,457,24.0,2008-05-18T03:55:17Z,0.07311999977664198,0.09592311750334574,C:\Users\Craig\OneDrive\Desktop\Alnoris BMSx\Data\_extracted\nasa_ames\1. BatteryAgingARC-FY08Q4\B0006.mat
B0006,459,24.0,2008-05-18T07:28:48Z,0.07635857115497807,0.1014317733775896,C:\Users\Craig\OneDrive\Desktop\Alnoris BMSx\Data\_extracted\nasa_ames\1. BatteryAgingARC-FY08Q4\B0006.mat
B0006,461,24.0,2008-05-18T08:50:48Z,0.07352773427813793,0.09722971147738375,C:\Users\Craig\OneDrive\Desktop\Alnoris BMSx\Data\_extracted\nasa_ames\1. BatteryAgingARC-FY08Q4\B0006.mat
B0006,463,24.0,2008-05-18T12:12:46Z,0.07477686532784665,0.10280887562042597,C:\Users\Craig\OneDrive\Desktop\Alnoris BMSx\Data\_extracted\nasa_ames\1. BatteryAgingARC-FY08Q4\B0006.mat
B0006,465,24.0,2008-05-18T13:34:37Z,0.07365221366344325,0.09623949046601309,C:\Users\Craig\OneDrive\Desktop\Alnoris BMSx\Data\_extracted\nasa_ames\1. BatteryAgingARC-FY08Q4\B0006.mat
B0006,467,24.0,2008-05-18T17:04:27Z,0.07601129120974016,0.10207495349364025,C:\Users\Craig\OneDrive\Desktop\Alnoris BMSx\Data\_extracted\nasa_ames\1. BatteryAgingARC-FY08Q4\B0006.mat
B0006,469,24.0,2008-05-18T18:26:10Z,0.0738708282490051,0.09642311008921206,C:\Users\Craig\OneDrive\Desktop\Alnoris BMSx\Data\_extracted\nasa_ames\1. BatteryAgingARC-FY08Q4\B0006.mat
B0006,471,24.0,2008-05-18T21:59:40Z,0.07632337493459862,0.1024320211016061,C:\Users\Craig\OneDrive\Desktop\Alnoris BMSx\Data\_extracted\nasa_ames\1. BatteryAgingARC-FY08Q4\B0006.mat
B0006,473,24.0,2008-05-18T23:21:28Z,0.07357181902429763,0.09759059351551938,C:\Users\Craig\OneDrive\Desktop\Alnoris BMSx\Data\_extracted\nasa_ames\1. BatteryAgingARC-FY08Q4\B0006.mat
B0006,475,24.0,2008-05-19T02:55:02Z,0.0749954456773232,0.10259630569279,C:\Users\Craig\OneDrive\Desktop\Alnoris BMSx\Data\_extracted\nasa_ames\1. BatteryAgingARC-FY08Q4\B0006.mat
B0006,477,24.0,2008-05-19T04:16:50Z,0.07457692199537422,0.098332863281485,C:\Users\Craig\OneDrive\Desktop\Alnoris BMSx\Data\_extracted\nasa_ames\1. BatteryAgingARC-FY08Q4\B0006.mat
B0006,479,24.0,2008-05-19T07:49:12Z,0.07655910700249269,0.10301800475787612,C:\Users\Craig\OneDrive\Desktop\Alnoris BMSx\Data\_extracted\nasa_ames\1. BatteryAgingARC-FY08Q4\B0006.mat
B0006,485,24.0,2008-05-20T02:06:32Z,0.07348534244575625,0.09721507881558597,C:\Users\Craig\OneDrive\Desktop\Alnoris BMSx\Data\_extracted\nasa_ames\1. BatteryAgingARC-FY08Q4\B0006.mat
B0006,487,24.0,2008-05-20T05:40:03Z,0.07627816468715698,0.10209285250394709,C:\Users\Craig\OneDrive\Desktop\Alnoris BMSx\Data\_extracted\nasa_ames\1. BatteryAgingARC-FY08Q4\B0006.mat
B0006,489,24.0,2008-05-20T07:01:47Z,0.07200798231511968,0.09467221621756744,C:\Users\Craig\OneDrive\Desktop\Alnoris BMSx\Data\_extracted\nasa_ames\1. BatteryAgingARC-FY08Q4\B0006.mat
B0006,491,24.0,2008-05-20T10:35:19Z,0.07628105077777647,0.10123049924820199,C:\Users\Craig\OneDrive\Desktop\Alnoris BMSx\Data\_extracted\nasa_ames\1. BatteryAgingARC-FY08Q4\B0006.mat
B0006,493,24.0,2008-05-20T11:56:55Z,0.07340853801638215,0.09646817904064085,C:\Users\Craig\OneDrive\Desktop\Alnoris BMSx\Data\_extracted\nasa_ames\1. BatteryAgingARC-FY08Q4\B0006.mat
B0006,495,24.0,2008-05-20T15:25:23Z,0.07559149558239868,0.10170048160813132,C:\Users\Craig\OneDrive\Desktop\Alnoris BMSx\Data\_extracted\nasa_ames\1. BatteryAgingARC-FY08Q4\B0006.mat
B0006,497,24.0,2008-05-20T16:46:59Z,0.07368975629679228,0.09703678483745568,C:\Users\Craig\OneDrive\Desktop\Alnoris BMSx\Data\_extracted\nasa_ames\1. BatteryAgingARC-FY08Q4\B0006.mat
B0006,499,24.0,2008-05-20T20:18:35Z,0.07436926956755013,0.10195116957544287,C:\Users\Craig\OneDrive\Desktop\Alnoris BMSx\Data\_extracted\nasa_ames\1. BatteryAgingARC-FY08Q4\B0006.mat
B0006,501,24.0,2008-05-20T21:40:11Z,0.07251824118465043,0.09465591179063428,C:\Users\Craig\OneDrive\Desktop\Alnoris BMSx\Data\_extracted\nasa_ames\1. BatteryAgingARC-FY08Q4\B0006.mat
B0006,503,24.0,2008-05-21T01:07:35Z,0.07554946383264172,0.1033905552179119,C:\Users\Craig\OneDrive\Desktop\Alnoris BMSx\Data\_extracted\nasa_ames\1. BatteryAgingARC-FY08Q4\B0006.mat
B0006,505,24.0,2008-05-21T02:29:02Z,0.07383014762823663,0.09770882689347758,C:\Users\Craig\OneDrive\Desktop\Alnoris BMSx\Data\_extracted\nasa_ames\1. BatteryAgingARC-FY08Q4\B0006.mat
B0006,507,24.0,2008-05-21T05:52:23Z,0.07543780913259987,0.10190222500615645,C:\Users\Craig\OneDrive\Desktop\Alnoris BMSx\Data\_extracted\nasa_ames\1. BatteryAgingARC-FY08Q4\B0006.mat
B0006,509,24.0,2008-05-21T07:13:41Z,0.07329562021253073,0.09701097507123445,C:\Users\Craig\OneDrive\Desktop\Alnoris BMSx\Data\_extracted\nasa_ames\1. BatteryAgingARC-FY08Q4\B0006.mat
B0006,511,24.0,2008-05-21T10:46:01Z,0.0752830478385875,0.10212799871439257,C:\Users\Craig\OneDrive\Desktop\Alnoris BMSx\Data\_extracted\nasa_ames\1. BatteryAgingARC-FY08Q4\B0006.mat
B0006,513,24.0,2008-05-21T12:07:20Z,0.07358700423436104,0.0984700686918705,C:\Users\Craig\OneDrive\Desktop\Alnoris BMSx\Data\_extracted\nasa_ames\1. BatteryAgingARC-FY08Q4\B0006.mat
B0006,515,24.0,2008-05-21T15:38:16Z,0.07504265846305132,0.10234809729911541,C:\Users\Craig\OneDrive\Desktop\Alnoris BMSx\Data\_extracted\nasa_ames\1. BatteryAgingARC-FY08Q4\B0006.mat
B0006,517,24.0,2008-05-21T16:59:36Z,0.07299830246064513,0.09674804588399895,C:\Users\Craig\OneDrive\Desktop\Alnoris BMSx\Data\_extracted\nasa_ames\1. BatteryAgingARC-FY08Q4\B0006.mat
B0006,519,24.0,2008-05-21T20:30:05Z,0.07493083270026814,0.10316530446995302,C:\Users\Craig\OneDrive\Desktop\Alnoris BMSx\Data\_extracted\nasa_ames\1. BatteryAgingARC-FY08Q4\B0006.mat
B0006,521,24.0,2008-05-21T21:51:16Z,0.07317671448765889,0.09789006335131165,C:\Users\Craig\OneDrive\Desktop\Alnoris BMSx\Data\_extracted\nasa_ames\1. BatteryAgingARC-FY08Q4\B0006.mat
B0006,523,24.0,2008-05-22T01:10:54Z,0.07555918138378297,0.10171557782292613,C:\Users\Craig\OneDrive\Desktop\Alnoris BMSx\Data\_extracted\nasa_ames\1. BatteryAgingARC-FY08Q4\B0006.mat
B0006,525,24.0,2008-05-22T02:32:06Z,0.07330671757566318,0.09867203700323107,C:\Users\Craig\OneDrive\Desktop\Alnoris BMSx\Data\_extracted\nasa_ames\1. BatteryAgingARC-FY08Q4\B0006.mat
B0006,527,24.0,2008-05-22T06:00:35Z,0.07529135855581007,0.10399050592213124,C:\Users\Craig\OneDrive\Desktop\Alnoris BMSx\Data\_extracted\nasa_ames\1. BatteryAgingARC-FY08Q4\B0006.mat
B0006,529,24.0,2008-05-22T07:21:37Z,0.07381497446326195,0.09966717133921947,C:\Users\Craig\OneDrive\Desktop\Alnoris BMSx\Data\_extracted\nasa_ames\1. BatteryAgingARC-FY08Q4\B0006.mat
B0006,531,24.0,2008-05-22T10:51:17Z,0.07695888745317593,0.10278141799912464,C:\Users\Craig\OneDrive\Desktop\Alnoris BMSx\Data\_extracted\nasa_ames\1. BatteryAgingARC-FY08Q4\B0006.mat
B0006,533,24.0,2008-05-22T12:12:19Z,0.0749168340838373,0.09740913121594287,C:\Users\Craig\OneDrive\Desktop\Alnoris BMSx\Data\_extracted\nasa_ames\1. BatteryAgingARC-FY08Q4\B0006.mat
B0006,535,24.0,2008-05-22T15:45:53Z,0.07582454225155175,0.10410637069985224,C:\Users\Craig\OneDrive\Desktop\Alnoris BMSx\Data\_extracted\nasa_ames\1. BatteryAgingARC-FY08Q4\B0006.mat
B0006,537,24.0,2008-05-22T17:06:57Z,0.07319733067893863,0.0986378767270153,C:\Users\Craig\OneDrive\Desktop\Alnoris BMSx\Data\_extracted\nasa_ames\1. BatteryAgingARC-FY08Q4\B0006.mat
B0006,539,24.0,2008-05-22T20:27:44Z,0.07591191584477391,0.10494385154400138,C:\Users\Craig\OneDrive\Desktop\Alnoris BMSx\Data\_extracted\nasa_ames\1. BatteryAgingARC-FY08Q4\B0006.mat
B0006,541,24.0,2008-05-22T21:48:39Z,0.07412387969571942,0.09846760988701693,C:\Users\Craig\OneDrive\Desktop\Alnoris BMSx\Data\_extracted\nasa_ames\1. BatteryAgingARC-FY08Q4\B0006.mat
B0006,543,24.0,2008-05-23T11:41:10Z,0.07629297155319334,0.10647126315333194,C:\Users\Craig\OneDrive\Desktop\Alnoris BMSx\Data\_extracted\nasa_ames\1. BatteryAgingARC-FY08Q4\B0006.mat
B0006,545,24.0,2008-05-23T13:02:15Z,0.07444944766297028,0.09763490351376954,C:\Users\Craig\OneDrive\Desktop\Alnoris BMSx\Data\_extracted\nasa_ames\1. BatteryAgingARC-FY08Q4\B0006.mat
B0006,548,24.0,2008-05-23T21:03:54Z,0.07429801976099379,0.09727249699620968,C:\Users\Craig\OneDrive\Desktop\Alnoris BMSx\Data\_extracted\nasa_ames\1. BatteryAgingARC-FY08Q4\B0006.mat
B0006,550,24.0,2008-05-24T00:37:15Z,0.0752876188558989,0.10131281846755223,C:\Users\Craig\OneDrive\Desktop\Alnoris BMSx\Data\_extracted\nasa_ames\1. BatteryAgingARC-FY08Q4\B0006.mat
B0006,552,24.0,2008-05-24T01:58:28Z,0.0732641449429155,0.09485788030578557,C:\Users\Craig\OneDrive\Desktop\Alnoris BMSx\Data\_extracted\nasa_ames\1. BatteryAgingARC-FY08Q4\B0006.mat
B0006,554,24.0,2008-05-24T05:28:14Z,0.07525091465096566,0.10263114150619053,C:\Users\Craig\OneDrive\Desktop\Alnoris BMSx\Data\_extracted\nasa_ames\1. BatteryAgingARC-FY08Q4\B0006.mat
B0006,556,24.0,2008-05-24T06:49:19Z,0.07295338594839133,0.09709171535624934,C:\Users\Craig\OneDrive\Desktop\Alnoris BMSx\Data\_extracted\nasa_ames\1. BatteryAgingARC-FY08Q4\B0006.mat
B0006,558,24.0,2008-05-24T10:10:44Z,0.07579555842218386,0.10337622430701954,C:\Users\Craig\OneDrive\Desktop\Alnoris BMSx\Data\_extracted\nasa_ames\1. BatteryAgingARC-FY08Q4\B0006.mat
B0006,560,24.0,2008-05-24T11:31:49Z,0.07229989931673016,0.09726851617156725,C:\Users\Craig\OneDrive\Desktop\Alnoris BMSx\Data\_extracted\nasa_ames\1. BatteryAgingARC-FY08Q4\B0006.mat
B0006,562,24.0,2008-05-24T14:59:04Z,0.07634314633390711,0.10459379391771405,C:\Users\Craig\OneDrive\Desktop\Alnoris BMSx\Data\_extracted\nasa_ames\1. BatteryAgingARC-FY08Q4\B0006.mat
B0006,564,24.0,2008-05-24T16:20:01Z,0.07208193445058439,0.09632752730869723,C:\Users\Craig\OneDrive\Desktop\Alnoris BMSx\Data\_extracted\nasa_ames\1. BatteryAgingARC-FY08Q4\B0006.mat
B0006,566,24.0,2008-05-24T19:49:07Z,0.07548574752727838,0.10415670198896312,C:\Users\Craig\OneDrive\Desktop\Alnoris BMSx\Data\_extracted\nasa_ames\1. BatteryAgingARC-FY08Q4\B0006.mat
B0006,568,24.0,2008-05-24T21:10:04Z,0.074020498261262,0.09921529436633025,C:\Users\Craig\OneDrive\Desktop\Alnoris BMSx\Data\_extracted\nasa_ames\1. BatteryAgingARC-FY08Q4\B0006.mat
B0006,570,24.0,2008-05-25T00:34:43Z,0.075678173941146,0.10498941605859084,C:\Users\Craig\OneDrive\Desktop\Alnoris BMSx\Data\_extracted\nasa_ames\1. BatteryAgingARC-FY08Q4\B0006.mat
B0006,572,24.0,2008-05-25T01:55:30Z,0.07451902070420802,0.09722241475542803,C:\Users\Craig\OneDrive\Desktop\Alnoris BMSx\Data\_extracted\nasa_ames\1. BatteryAgingARC-FY08Q4\B0006.mat
B0006,574,24.0,2008-05-25T05:25:11Z,0.07639730618221811,0.10625558495145841,C:\Users\Craig\OneDrive\Desktop\Alnoris BMSx\Data\_extracted\nasa_ames\1. BatteryAgingARC-FY08Q4\B0006.mat
B0006,576,24.0,2008-05-25T06:45:59Z,0.07424018982352315,0.09804575972887292,C:\Users\Craig\OneDrive\Desktop\Alnoris BMSx\Data\_extracted\nasa_ames\1. BatteryAgingARC-FY08Q4\B0006.mat
B0006,578,24.0,2008-05-25T10:19:30Z,0.07554089552390525,0.10325199429925233,C:\Users\Craig\OneDrive\Desktop\Alnoris BMSx\Data\_extracted\nasa_ames\1. BatteryAgingARC-FY08Q4\B0006.mat
B0006,580,24.0,2008-05-25T11:40:09Z,0.0751269930267548,0.0976015207267083,C:\Users\Craig\OneDrive\Desktop\Alnoris BMSx\Data\_extracted\nasa_ames\1. BatteryAgingARC-FY08Q4\B0006.mat
B0006,582,24.0,2008-05-25T15:05:01Z,0.07758555911246837,0.10473113760753461,C:\Users\Craig\OneDrive\Desktop\Alnoris BMSx\Data\_extracted\nasa_ames\1. BatteryAgingARC-FY08Q4\B0006.mat
B0006,584,24.0,2008-05-25T16:25:42Z,0.07300304718574424,0.09986121453402325,C:\Users\Craig\OneDrive\Desktop\Alnoris BMSx\Data\_extracted\nasa_ames\1. BatteryAgingARC-FY08Q4\B0006.mat
B0006,586,24.0,2008-05-25T19:50:54Z,0.07914099539982122,0.10410597469599145,C:\Users\Craig\OneDrive\Desktop\Alnoris BMSx\Data\_extracted\nasa_ames\1. BatteryAgingARC-FY08Q4\B0006.mat
B0006,588,24.0,2008-05-25T21:11:31Z,0.0733791162898153,0.10012439870046425,C:\Users\Craig\OneDrive\Desktop\Alnoris BMSx\Data\_extracted\nasa_ames\1. BatteryAgingARC-FY08Q4\B0006.mat
B0006,590,24.0,2008-05-26T00:40:52Z,0.07703480377026387,0.1043025357256912,C:\Users\Craig\OneDrive\Desktop\Alnoris BMSx\Data\_extracted\nasa_ames\1. BatteryAgingARC-FY08Q4\B0006.mat
B0006,592,24.0,2008-05-26T02:01:29Z,0.07400638737748559,0.10058214210272005,C:\Users\Craig\OneDrive\Desktop\Alnoris BMSx\Data\_extracted\nasa_ames\1. BatteryAgingARC-FY08Q4\B0006.mat
B0006,594,24.0,2008-05-26T05:28:58Z,0.07558657312230183,0.10545022867710716,C:\Users\Craig\OneDrive\Desktop\Alnoris BMSx\Data\_extracted\nasa_ames\1. BatteryAgingARC-FY08Q4\B0006.mat
B0006,596,24.0,2008-05-26T06:49:35Z,0.07445731304872845,0.09771765292275987,C:\Users\Craig\OneDrive\Desktop\Alnoris BMSx\Data\_extracted\nasa_ames\1. BatteryAgingARC-FY08Q4\B0006.mat
B0006,598,24.0,2008-05-26T10:12:28Z,0.07680024027253078,0.10505838895245793,C:\Users\Craig\OneDrive\Desktop\Alnoris BMSx\Data\_extracted\nasa_ames\1. BatteryAgingARC-FY08Q4\B0006.mat
B0006,600,24.0,2008-05-26T11:32:56Z,0.07404961895766839,0.10004265315557904,C:\Users\Craig\OneDrive\Desktop\Alnoris BMSx\Data\_extracted\nasa_ames\1. BatteryAgingARC-FY08Q4\B0006.mat
B0006,602,24.0,2008-05-26T14:58:33Z,0.07773379473968531,0.1055258410926404,C:\Users\Craig\OneDrive\Desktop\Alnoris BMSx\Data\_extracted\nasa_ames\1. BatteryAgingARC-FY08Q4\B0006.mat
B0006,604,24.0,2008-05-26T16:19:02Z,0.07345356672681479,0.09958433419834246,C:\Users\Craig\OneDrive\Desktop\Alnoris BMSx\Data\_extracted\nasa_ames\1. BatteryAgingARC-FY08Q4\B0006.mat
B0006,606,24.0,2008-05-26T19:48:54Z,0.07649758460967311,0.10668360253694291,C:\Users\Craig\OneDrive\Desktop\Alnoris BMSx\Data\_extracted\nasa_ames\1. BatteryAgingARC-FY08Q4\B0006.mat
B0006,608,24.0,2008-05-26T21:09:22Z,0.07429181207917376,0.10145770673563659,C:\Users\Craig\OneDrive\Desktop\Alnoris BMSx\Data\_extracted\nasa_ames\1. BatteryAgingARC-FY08Q4\B0006.mat
B0006,610,24.0,2008-05-27T00:27:55Z,0.07693445086160708,0.10589812281309796,C:\Users\Craig\OneDrive\Desktop\Alnoris BMSx\Data\_extracted\nasa_ames\1. BatteryAgingARC-FY08Q4\B0006.mat
B0006,614,24.0,2008-05-27T21:34:28Z,0.07358936787982846,0.09999474026181411,C:\Users\Craig\OneDrive\Desktop\Alnoris BMSx\Data\_extracted\nasa_ames\1. BatteryAgingARC-FY08Q4\B0006.mat
B0007,40,24.0,2008-04-18T20:55:29Z,0.03816813609946085,0.06158094574229446,C:\Users\Craig\OneDrive\Desktop\Alnoris BMSx\Data\_extracted\nasa_ames\1. BatteryAgingARC-FY08Q4\B0007.mat
B0007,42,24.0,2008-04-18T22:39:16Z,0.042352200255114755,0.07946205744298855,C:\Users\Craig\OneDrive\Desktop\Alnoris BMSx\Data\_extracted\nasa_ames\1. BatteryAgingARC-FY08Q4\B0007.mat
B0007,44,24.0,2008-04-19T02:14:27Z,0.03971312292013592,0.06180654339682964,C:\Users\Craig\OneDrive\Desktop\Alnoris BMSx\Data\_extracted\nasa_ames\1. BatteryAgingARC-FY08Q4\B0007.mat
B0007,46,24.0,2008-04-19T03:57:24Z,0.04171928239305599,0.08085099253522705,C:\Users\Craig\OneDrive\Desktop\Alnoris BMSx\Data\_extracted\nasa_ames\1. BatteryAgingARC-FY08Q4\B0007.mat
B0007,48,24.0,2008-04-19T07:32:33Z,0.03840146399106517,0.06100130384680727,C:\Users\Craig\OneDrive\Desktop\Alnoris BMSx\Data\_extracted\nasa_ames\1. BatteryAgingARC-FY08Q4\B0007.mat
B0007,50,24.0,2008-04-19T09:15:10Z,0.041725543288745344,0.07324252372827775,C:\Users\Craig\OneDrive\Desktop\Alnoris BMSx\Data\_extracted\nasa_ames\1. BatteryAgingARC-FY08Q4\B0007.mat
B0007,52,24.0,2008-04-19T12:47:00Z,0.0371051772037323,0.06007565108189894,C:\Users\Craig\OneDrive\Desktop\Alnoris BMSx\Data\_extracted\nasa_ames\1. BatteryAgingARC-FY08Q4\B0007.mat
B0007,54,24.0,2008-04-19T14:28:58Z,0.039929523505293565,0.07752548996987343,C:\Users\Craig\OneDrive\Desktop\Alnoris BMSx\Data\_extracted\nasa_ames\1. BatteryAgingARC-FY08Q4\B0007.mat
B0007,56,24.0,2008-04-19T18:12:47Z,0.037833946033938984,0.061293760421866045,C:\Users\Craig\OneDrive\Desktop\Alnoris BMSx\Data\_extracted\nasa_ames\1. BatteryAgingARC-FY08Q4\B0007.mat
B0007,58,24.0,2008-04-19T19:55:05Z,0.040868280768717374,0.07683869552898764,C:\Users\Craig\OneDrive\Desktop\Alnoris BMSx\Data\_extracted\nasa_ames\1. BatteryAgingARC-FY08Q4\B0007.mat
B0007,60,24.0,2008-04-19T23:27:13Z,0.037520425405365855,0.060073134186248135,C:\Users\Craig\OneDrive\Desktop\Alnoris BMSx\Data\_extracted\nasa_ames\1. BatteryAgingARC-FY08Q4\B0007.mat
B0007,62,24.0,2008-04-20T01:08:11Z,0.04169865656080958,0.0720729677827527,C:\Users\Craig\OneDrive\Desktop\Alnoris BMSx\Data\_extracted\nasa_ames\1. BatteryAgingARC-FY08Q4\B0007.mat
B0007,64,24.0,2008-04-20T04:39:59Z,0.03739727137150672,0.0612330724542185,C:\Users\Craig\OneDrive\Desktop\Alnoris BMSx\Data\_extracted\nasa_ames\1. BatteryAgingARC-FY08Q4\B0007.mat
B0007,66,24.0,2008-04-20T06:20:57Z,0.03998676920342006,0.07363674363826805,C:\Users\Craig\OneDrive\Desktop\Alnoris BMSx\Data\_extracted\nasa_ames\1. BatteryAgingARC-FY08Q4\B0007.mat
B0007,68,24.0,2008-04-20T10:01:46Z,0.03591968009886427,0.06057069111701671,C:\Users\Craig\OneDrive\Desktop\Alnoris BMSx\Data\_extracted\nasa_ames\1. BatteryAgingARC-FY08Q4\B0007.mat
B0007,70,24.0,2008-04-20T11:42:26Z,0.04146824914736063,0.06954303801749961,C:\Users\Craig\OneDrive\Desktop\Alnoris BMSx\Data\_extracted\nasa_ames\1. BatteryAgingARC-FY08Q4\B0007.mat
B0007,72,24.0,2008-04-20T15:22:22Z,0.03738579892114978,0.06131737602920535,C:\Users\Craig\OneDrive\Desktop\Alnoris BMSx\Data\_extracted\nasa_ames\1. BatteryAgingARC-FY08Q4\B0007.mat
B0007,74,24.0,2008-04-20T17:03:01Z,0.040910536950841486,0.06973813181143433,C:\Users\Craig\OneDrive\Desktop\Alnoris BMSx\Data\_extracted\nasa_ames\1. BatteryAgingARC-FY08Q4\B0007.mat
B0007,76,24.0,2008-04-20T20:35:56Z,0.03789058841967389,0.06032875855026001,C:\Users\Craig\OneDrive\Desktop\Alnoris BMSx\Data\_extracted\nasa_ames\1. BatteryAgingARC-FY08Q4\B0007.mat
B0007,78,24.0,2008-04-20T22:16:35Z,0.040097248859574955,0.07288145197811349,C:\Users\Craig\OneDrive\Desktop\Alnoris BMSx\Data\_extracted\nasa_ames\1. BatteryAgingARC-FY08Q4\B0007.mat
B0007,80,24.0,2008-04-21T02:00:19Z,0.03715722957533256,0.06103479269674707,C:\Users\Craig\OneDrive\Desktop\Alnoris BMSx\Data\_extracted\nasa_ames\1. BatteryAgingARC-FY08Q4\B0007.mat
B0007,82,24.0,2008-04-21T03:26:58Z,0.04119201955867326,0.06848356653346994,C:\Users\Craig\OneDrive\Desktop\Alnoris BMSx\Data\_extracted\nasa_ames\1. BatteryAgingARC-FY08Q4\B0007.mat
B0007,86,24.0,2008-04-22T16:33:03Z,0.04105669646645134,0.07065997133250308,C:\Users\Craig\OneDrive\Desktop\Alnoris BMSx\Data\_extracted\nasa_ames\1. BatteryAgingARC-FY08Q4\B0007.mat
B0007,88,24.0,2008-04-22T19:54:32Z,0.041759405414555945,0.06445608820977453,C:\Users\Craig\OneDrive\Desktop\Alnoris BMSx\Data\_extracted\nasa_ames\1. BatteryAgingARC-FY08Q4\B0007.mat
B0007,90,24.0,2008-04-22T21:24:34Z,0.04119459773687198,0.07022095542831697,C:\Users\Craig\OneDrive\Desktop\Alnoris BMSx\Data\_extracted\nasa_ames\1. BatteryAgingARC-FY08Q4\B0007.mat
B0007,92,24.0,2008-04-23T00:46:24Z,0.04232704798626884,0.06414150947613172,C:\Users\Craig\OneDrive\Desktop\Alnoris BMSx\Data\_extracted\nasa_ames\1. BatteryAgingARC-FY08Q4\B0007.mat
B0007,94,24.0,2008-04-23T02:16:08Z,0.03996874022966617,0.06812474119697177,C:\Users\Craig\OneDrive\Desktop\Alnoris BMSx\Data\_extracted\nasa_ames\1. BatteryAgingARC-FY08Q4\B0007.mat
B0007,96,24.0,2008-04-23T05:46:32Z,0.03967286398299121,0.06333755034552216,C:\Users\Craig\OneDrive\Desktop\Alnoris BMSx\Data\_extracted\nasa_ames\1. BatteryAgingARC-FY08Q4\B0007.mat
B0007,98,24.0,2008-04-23T07:16:07Z,0.03979410788978178,0.06877945536158117,C:\Users\Craig\OneDrive\Desktop\Alnoris BMSx\Data\_extracted\nasa_ames\1. BatteryAgingARC-FY08Q4\B0007.mat
B0007,100,24.0,2008-04-23T10:36:13Z,0.04046536725285732,0.06397225205950727,C:\Users\Craig\OneDrive\Desktop\Alnoris BMSx\Data\_extracted\nasa_ames\1. BatteryAgingARC-FY08Q4\B0007.mat
B0007,102,24.0,2008-04-23T12:05:30Z,0.04093901824195282,0.06675223084774302,C:\Users\Craig\OneDrive\Desktop\Alnoris BMSx\Data\_extracted\nasa_ames\1. BatteryAgingARC-FY08Q4\B0007.mat
B0007,104,24.0,2008-04-23T15:34:37Z,0.04083099544598788,0.06292223531520325,C:\Users\Craig\OneDrive\Desktop\Alnoris BMSx\Data\_extracted\nasa_ames\1. BatteryAgingARC-FY08Q4\B0007.mat
B0007,106,24.0,2008-04-23T17:03:55Z,0.041067363565729334,0.0662850303940424,C:\Users\Craig\OneDrive\Desktop\Alnoris BMSx\Data\_extracted\nasa_ames\1. BatteryAgingARC-FY08Q4\B0007.mat
B0007,108,24.0,2008-04-23T20:31:10Z,0.04078701229987664,0.06338858492819599,C:\Users\Craig\OneDrive\Desktop\Alnoris BMSx\Data\_extracted\nasa_ames\1. BatteryAgingARC-FY08Q4\B0007.mat
B0007,110,24.0,2008-04-23T22:00:19Z,0.041661708894818184,0.06816357758679417,C:\Users\Craig\OneDrive\Desktop\Alnoris BMSx\Data\_extracted\nasa_ames\1. BatteryAgingARC-FY08Q4\B0007.mat
B0007,112,24.0,2008-04-24T01:19:46Z,0.03981735939635393,0.06446689612483536,C:\Users\Craig\OneDrive\Desktop\Alnoris BMSx\Data\_extracted\nasa_ames\1. BatteryAgingARC-FY08Q4\B0007.mat
B0007,114,24.0,2008-04-24T02:48:35Z,0.040333531003242,0.06552022262244311,C:\Users\Craig\OneDrive\Desktop\Alnoris BMSx\Data\_extracted\nasa_ames\1. BatteryAgingARC-FY08Q4\B0007.mat
B0007,116,24.0,2008-04-24T06:18:12Z,0.03879098770177327,0.06280987925671022,C:\Users\Craig\OneDrive\Desktop\Alnoris BMSx\Data\_extracted\nasa_ames\1. BatteryAgingARC-FY08Q4\B0007.mat
B0007,118,24.0,2008-04-24T07:46:53Z,0.039800320946257906,0.06501329487260551,C:\Users\Craig\OneDrive\Desktop\Alnoris BMSx\Data\_extracted\nasa_ames\1. BatteryAgingARC-FY08Q4\B0007.mat
B0007,120,24.0,2008-04-24T11:17:36Z,0.04135849902166442,0.06409309629130175,C:\Users\Craig\OneDrive\Desktop\Alnoris BMSx\Data\_extracted\nasa_ames\1. BatteryAgingARC-FY08Q4\B0007.mat
B0007,122,24.0,2008-04-24T12:46:08Z,0.04068161380288319,0.06480202845662458,C:\Users\Craig\OneDrive\Desktop\Alnoris BMSx\Data\_extracted\nasa_ames\1. BatteryAgingARC-FY08Q4\B0007.mat
B0007,124,24.0,2008-04-24T16:14:07Z,0.04198813216408782,0.06290743673977844,C:\Users\Craig\OneDrive\Desktop\Alnoris BMSx\Data\_extracted\nasa_ames\1. BatteryAgingARC-FY08Q4\B0007.mat
B0007,126,24.0,2008-04-24T17:42:40Z,0.04069176276675313,0.06403224799847893,C:\Users\Craig\OneDrive\Desktop\Alnoris BMSx\Data\_extracted\nasa_ames\1. BatteryAgingARC-FY08Q4\B0007.mat
B0007,128,24.0,2008-04-24T21:06:22Z,0.0410635565050997,0.06183018814159419,C:\Users\Craig\OneDrive\Desktop\Alnoris BMSx\Data\_extracted\nasa_ames\1. BatteryAgingARC-FY08Q4\B0007.mat
B0007,130,24.0,2008-04-24T22:34:45Z,0.04036112042873984,0.06359181730010477,C:\Users\Craig\OneDrive\Desktop\Alnoris BMSx\Data\_extracted\nasa_ames\1. BatteryAgingARC-FY08Q4\B0007.mat
B0007,132,24.0,2008-04-25T01:57:07Z,0.0397095688006817,0.06308316873083149,C:\Users\Craig\OneDrive\Desktop\Alnoris BMSx\Data\_extracted\nasa_ames\1. BatteryAgingARC-FY08Q4\B0007.mat
B0007,136,24.0,2008-04-25T21:00:31Z,0.04725020480421689,0.07272586091049475,C:\Users\Craig\OneDrive\Desktop\Alnoris BMSx\Data\_extracted\nasa_ames\1. BatteryAgingARC-FY08Q4\B0007.mat
B0007,138,24.0,2008-04-26T00:32:46Z,0.04658869845988432,0.06938696400889426,C:\Users\Craig\OneDrive\Desktop\Alnoris BMSx\Data\_extracted\nasa_ames\1. BatteryAgingARC-FY08Q4\B0007.mat
B0007,140,24.0,2008-04-26T02:00:52Z,0.046165351746082724,0.07140516250476096,C:\Users\Craig\OneDrive\Desktop\Alnoris BMSx\Data\_extracted\nasa_ames\1. BatteryAgingARC-FY08Q4\B0007.mat
B0007,142,24.0,2008-04-26T05:25:46Z,0.045058966847244336,0.06928051739204368,C:\Users\Craig\OneDrive\Desktop\Alnoris BMSx\Data\_extracted\nasa_ames\1. BatteryAgingARC-FY08Q4\B0007.mat
B0007,144,24.0,2008-04-26T06:53:34Z,0.04588397322290627,0.06926007196689592,C:\Users\Craig\OneDrive\Desktop\Alnoris BMSx\Data\_extracted\nasa_ames\1. BatteryAgingARC-FY08Q4\B0007.mat
B0007,146,24.0,2008-04-26T10:26:36Z,0.04581384765227875,0.06966533025568689,C:\Users\Craig\OneDrive\Desktop\Alnoris BMSx\Data\_extracted\nasa_ames\1. BatteryAgingARC-FY08Q4\B0007.mat
B0007,150,24.0,2008-04-29T13:12:54Z,0.04922145778943997,0.07134263821575189,C:\Users\Craig\OneDrive\Desktop\Alnoris BMSx\Data\_extracted\nasa_ames\1. BatteryAgingARC-FY08Q4\B0007.mat
B0007,152,24.0,2008-04-29T16:33:38Z,0.04888655382152031,0.06968514370622465,C:\Users\Craig\OneDrive\Desktop\Alnoris BMSx\Data\_extracted\nasa_ames\1. BatteryAgingARC-FY08Q4\B0007.mat
B0007,154,24.0,2008-04-29T18:02:21Z,0.0483951365393567,0.07135159504195451,C:\Users\Craig\OneDrive\Desktop\Alnoris BMSx\Data\_extracted\nasa_ames\1. BatteryAgingARC-FY08Q4\B0007.mat
B0007,156,24.0,2008-04-29T21:28:15Z,0.04805522182634865,0.06988641944387855,C:\Users\Craig\OneDrive\Desktop\Alnoris BMSx\Data\_extracted\nasa_ames\1. BatteryAgingARC-FY08Q4\B0007.mat
B0007,158,24.0,2008-04-29T22:56:30Z,0.04880060650708679,0.07055158255812932,C:\Users\Craig\OneDrive\Desktop\Alnoris BMSx\Data\_extracted\nasa_ames\1. BatteryAgingARC-FY08Q4\B0007.mat
B0007,160,24.0,2008-04-30T02:12:05Z,0.047509200748586077,0.07037254012210739,C:\Users\Craig\OneDrive\Desktop\Alnoris BMSx\Data\_extracted\nasa_ames\1. BatteryAgingARC-FY08Q4\B0007.mat
B0007,162,24.0,2008-04-30T03:40:03Z,0.047771007804623865,0.07071182578495028,C:\Users\Craig\OneDrive\Desktop\Alnoris BMSx\Data\_extracted\nasa_ames\1. BatteryAgingARC-FY08Q4\B0007.mat
B0007,164,24.0,2008-04-30T07:09:52Z,0.048179914298366426,0.07048007986898036,C:\Users\Craig\OneDrive\Desktop\Alnoris BMSx\Data\_extracted\nasa_ames\1. BatteryAgingARC-FY08Q4\B0007.mat
B0007,166,24.0,2008-04-30T08:37:42Z,0.04807094716422849,0.07168496170621791,C:\Users\Craig\OneDrive\Desktop\Alnoris BMSx\Data\_extracted\nasa_ames\1. BatteryAgingARC-FY08Q4\B0007.mat
B0007,168,24.0,2008-04-30T11:56:59Z,0.04853240735824653,0.07034952369656776,C:\Users\Craig\OneDrive\Desktop\Alnoris BMSx\Data\_extracted\nasa_ames\1. BatteryAgingARC-FY08Q4\B0007.mat
B0007,170,24.0,2008-04-30T13:24:39Z,0.04812925712317766,0.07103622899681207,C:\Users\Craig\OneDrive\Desktop\Alnoris BMSx\Data\_extracted\nasa_ames\1. BatteryAgingARC-FY08Q4\B0007.mat
B0007,172,24.0,2008-04-30T16:48:25Z,0.04974625536405859,0.07095960275807538,C:\Users\Craig\OneDrive\Desktop\Alnoris BMSx\Data\_extracted\nasa_ames\1. BatteryAgingARC-FY08Q4\B0007.mat
B0007,174,24.0,2008-04-30T18:16:07Z,0.04905350092860657,0.0716505512430741,C:\Users\Craig\OneDrive\Desktop\Alnoris BMSx\Data\_extracted\nasa_ames\1. BatteryAgingARC-FY08Q4\B0007.mat
B0007,176,24.0,2008-04-30T21:43:03Z,0.04989362821249148,0.06988750479775756,C:\Users\Craig\OneDrive\Desktop\Alnoris BMSx\Data\_extracted\nasa_ames\1. BatteryAgingARC-FY08Q4\B0007.mat
B0007,178,24.0,2008-04-30T23:10:36Z,0.047713850867314125,0.07104861014688077,C:\Users\Craig\OneDrive\Desktop\Alnoris BMSx\Data\_extracted\nasa_ames\1. BatteryAgingARC-FY08Q4\B0007.mat
B0007,180,24.0,2008-05-01T02:43:42Z,0.04762093306188868,0.06959637470924757,C:\Users\Craig\OneDrive\Desktop\Alnoris BMSx\Data\_extracted\nasa_ames\1. BatteryAgingARC-FY08Q4\B0007.mat
B0007,182,24.0,2008-05-01T04:11:07Z,0.04799398254598553,0.07155340020297168,C:\Users\Craig\OneDrive\Desktop\Alnoris BMSx\Data\_extracted\nasa_ames\1. BatteryAgingARC-FY08Q4\B0007.mat
B0007,184,24.0,2008-05-01T07:44:12Z,0.04647996212810349,0.07109805169409975,C:\Users\Craig\OneDrive\Desktop\Alnoris BMSx\Data\_extracted\nasa_ames\1. BatteryAgingARC-FY08Q4\B0007.mat
B0007,186,24.0,2008-05-01T09:11:27Z,0.04743838010781302,0.07011601815239543,C:\Users\Craig\OneDrive\Desktop\Alnoris BMSx\Data\_extracted\nasa_ames\1. BatteryAgingARC-FY08Q4\B0007.mat
B0007,188,24.0,2008-05-01T12:42:34Z,0.04796925031131609,0.07089251138004057,C:\Users\Craig\OneDrive\Desktop\Alnoris BMSx\Data\_extracted\nasa_ames\1. BatteryAgingARC-FY08Q4\B0007.mat
B0007,190,24.0,2008-05-01T14:09:50Z,0.048992220667641126,0.07040814900058472,C:\Users\Craig\OneDrive\Desktop\Alnoris BMSx\Data\_extracted\nasa_ames\1. BatteryAgingARC-FY08Q4\B0007.mat
B0007,192,24.0,2008-05-01T17:39:20Z,0.04822541815588505,0.07097691576307026,C:\Users\Craig\OneDrive\Desktop\Alnoris BMSx\Data\_extracted\nasa_ames\1. BatteryAgingARC-FY08Q4\B0007.mat
B0007,194,24.0,2008-05-01T19:06:26Z,0.04821470056663109,0.06961687203754899,C:\Users\Craig\OneDrive\Desktop\Alnoris BMSx\Data\_extracted\nasa_ames\1. BatteryAgingARC-FY08Q4\B0007.mat
B0007,196,24.0,2008-05-01T22:38:24Z,0.04908955036286932,0.07022873713037443,C:\Users\Craig\OneDrive\Desktop\Alnoris BMSx\Data\_extracted\nasa_ames\1. BatteryAgingARC-FY08Q4\B0007.mat
B0007,198,24.0,2008-05-02T00:05:31Z,0.047912972518477946,0.06948120171428374,C:\Users\Craig\OneDrive\Desktop\Alnoris BMSx\Data\_extracted\nasa_ames\1. BatteryAgingARC-FY08Q4\B0007.mat
B0007,200,24.0,2008-05-02T03:21:43Z,0.048817413924019566,0.07189407403925935,C:\Users\Craig\OneDrive\Desktop\Alnoris BMSx\Data\_extracted\nasa_ames\1. BatteryAgingARC-FY08Q4\B0007.mat
B0007,202,24.0,2008-05-02T04:48:33Z,0.04761040788727024,0.0703612147830665,C:\Users\Craig\OneDrive\Desktop\Alnoris BMSx\Data\_extracted\nasa_ames\1. BatteryAgingARC-FY08Q4\B0007.mat
B0007,204,24.0,2008-05-02T08:12:49Z,0.04889219507251717,0.07012605128802055,C:\Users\Craig\OneDrive\Desktop\Alnoris BMSx\Data\_extracted\nasa_ames\1. BatteryAgingARC-FY08Q4\B0007.mat
B0007,206,24.0,2008-05-02T09:39:40Z,0.048347237713963785,0.07029953014036178,C:\Users\Craig\OneDrive\Desktop\Alnoris BMSx\Data\_extracted\nasa_ames\1. BatteryAgingARC-FY08Q4\B0007.mat
B0007,208,24.0,2008-05-02T13:11:13Z,0.04742321873077289,0.06907761875176498,C:\Users\Craig\OneDrive\Desktop\Alnoris BMSx\Data\_extracted\nasa_ames\1. BatteryAgingARC-FY08Q4\B0007.mat
B0007,210,24.0,2008-05-02T14:37:55Z,0.050111225517516046,0.06960073254899966,C:\Users\Craig\OneDrive\Desktop\Alnoris BMSx\Data\_extracted\nasa_ames\1. BatteryAgingARC-FY08Q4\B0007.mat
B0007,212,24.0,2008-05-02T18:11:03Z,0.048460437754935325,0.0708375336017697,C:\Users\Craig\OneDrive\Desktop\Alnoris BMSx\Data\_extracted\nasa_ames\1. BatteryAgingARC-FY08Q4\B0007.mat
B0007,216,24.0,2008-05-03T00:18:59Z,0.04874528416849275,0.07248947480976828,C:\Users\Craig\OneDrive\Desktop\Alnoris BMSx\Data\_extracted\nasa_ames\1. BatteryAgingARC-FY08Q4\B0007.mat
B0007,218,24.0,2008-05-03T03:41:16Z,0.04890922045962195,0.07224375321168745,C:\Users\Craig\OneDrive\Desktop\Alnoris BMSx\Data\_extracted\nasa_ames\1. BatteryAgingARC-FY08Q4\B0007.mat
B0007,220,24.0,2008-05-03T05:07:41Z,0.04834801429353973,0.07007227991852431,C:\Users\Craig\OneDrive\Desktop\Alnoris BMSx\Data\_extracted\nasa_ames\1. BatteryAgingARC-FY08Q4\B0007.mat
B0007,222,24.0,2008-05-03T08:38:27Z,0.05049341528042814,0.0714779278737494,C:\Users\Craig\OneDrive\Desktop\Alnoris BMSx\Data\_extracted\nasa_ames\1. BatteryAgingARC-FY08Q4\B0007.mat
B0007,224,24.0,2008-05-03T10:04:43Z,0.04790614551385609,0.07076656687245311,C:\Users\Craig\OneDrive\Desktop\Alnoris BMSx\Data\_extracted\nasa_ames\1. BatteryAgingARC-FY08Q4\B0007.mat
B0007,226,24.0,2008-05-03T13:32:41Z,0.049653807534869046,0.07281511275371025,C:\Users\Craig\OneDrive\Desktop\Alnoris BMSx\Data\_extracted\nasa_ames\1. BatteryAgingARC-FY08Q4\B0007.mat
B0007,228,24.0,2008-05-03T14:58:49Z,0.04815631252607322,0.07031487671206166,C:\Users\Craig\OneDrive\Desktop\Alnoris BMSx\Data\_extracted\nasa_ames\1. BatteryAgingARC-FY08Q4\B0007.mat
B0007,230,24.0,2008-05-03T18:26:20Z,0.049804698569480284,0.07183693248710026,C:\Users\Craig\OneDrive\Desktop\Alnoris BMSx\Data\_extracted\nasa_ames\1. BatteryAgingARC-FY08Q4\B0007.mat
B0007,232,24.0,2008-05-03T19:52:28Z,0.04871866527250497,0.07073110778960329,C:\Users\Craig\OneDrive\Desktop\Alnoris BMSx\Data\_extracted\nasa_ames\1. BatteryAgingARC-FY08Q4\B0007.mat
B0007,234,24.0,2008-05-03T23:10:37Z,0.04960142143548596,0.07212114083797687,C:\Users\Craig\OneDrive\Desktop\Alnoris BMSx\Data\_extracted\nasa_ames\1. BatteryAgingARC-FY08Q4\B0007.mat
B0007,236,24.0,2008-05-04T00:36:36Z,0.04830978182442808,0.07064084986534173,C:\Users\Craig\OneDrive\Desktop\Alnoris BMSx\Data\_extracted\nasa_ames\1. BatteryAgingARC-FY08Q4\B0007.mat
B0007,238,24.0,2008-05-04T04:09:47Z,0.04933286951263678,0.07263784411726666,C:\Users\Craig\OneDrive\Desktop\Alnoris BMSx\Data\_extracted\nasa_ames\1. BatteryAgingARC-FY08Q4\B0007.mat
B0007,240,24.0,2008-05-04T05:35:36Z,0.04802200703480097,0.07107634151010893,C:\Users\Craig\OneDrive\Desktop\Alnoris BMSx\Data\_extracted\nasa_ames\1. BatteryAgingARC-FY08Q4\B0007.mat
B0007,242,24.0,2008-05-04T09:08:18Z,0.048245150285560964,0.07344417258506274,C:\Users\Craig\OneDrive\Desktop\Alnoris BMSx\Data\_extracted\nasa_ames\1. BatteryAgingARC-FY08Q4\B0007.mat
B0007,244,24.0,2008-05-04T10:34:08Z,0.04887856396815102,0.07067979605623653,C:\Users\Craig\OneDrive\Desktop\Alnoris BMSx\Data\_extracted\nasa_ames\1. BatteryAgingARC-FY08Q4\B0007.mat
B0007,246,24.0,2008-05-04T14:06:20Z,0.05001512861656075,0.07381936636092858,C:\Users\Craig\OneDrive\Desktop\Alnoris BMSx\Data\_extracted\nasa_ames\1. BatteryAgingARC-FY08Q4\B0007.mat
B0007,248,24.0,2008-05-04T15:32:01Z,0.04912443706060332,0.07004253090015103,C:\Users\Craig\OneDrive\Desktop\Alnoris BMSx\Data\_extracted\nasa_ames\1. BatteryAgingARC-FY08Q4\B0007.mat
B0007,250,24.0,2008-05-04T19:05:14Z,0.047456705587096075,0.07255600991617446,C:\Users\Craig\OneDrive\Desktop\Alnoris BMSx\Data\_extracted\nasa_ames\1. BatteryAgingARC-FY08Q4\B0007.mat
B0007,252,24.0,2008-05-04T20:30:47Z,0.04893713330364649,0.07109876809149202,C:\Users\Craig\OneDrive\Desktop\Alnoris BMSx\Data\_extracted\nasa_ames\1. BatteryAgingARC-FY08Q4\B0007.mat
B0007,254,24.0,2008-05-05T00:04:00Z,0.048886406569936064,0.07289868386035867,C:\Users\Craig\OneDrive\Desktop\Alnoris BMSx\Data\_extracted\nasa_ames\1. BatteryAgingARC-FY08Q4\B0007.mat
B0007,256,24.0,2008-05-05T01:29:24Z,0.04911103876049412,0.07147560174006445,C:\Users\Craig\OneDrive\Desktop\Alnoris BMSx\Data\_extracted\nasa_ames\1. BatteryAgingARC-FY08Q4\B0007.mat
B0007,258,24.0,2008-05-05T04:56:20Z,0.04904240478915373,0.07202371305148902,C:\Users\Craig\OneDrive\Desktop\Alnoris BMSx\Data\_extracted\nasa_ames\1. BatteryAgingARC-FY08Q4\B0007.mat
B0007,260,24.0,2008-05-05T06:21:44Z,0.05030151322042697,0.07382011728457984,C:\Users\Craig\OneDrive\Desktop\Alnoris BMSx\Data\_extracted\nasa_ames\1. BatteryAgingARC-FY08Q4\B0007.mat
B0007,262,24.0,2008-05-05T09:54:58Z,0.04861981736892422,0.07223470556283451,C:\Users\Craig\OneDrive\Desktop\Alnoris BMSx\Data\_extracted\nasa_ames\1. BatteryAgingARC-FY08Q4\B0007.mat
B0007,266,24.0,2008-05-05T21:33:38Z,0.04858590816702541,0.07223412421622642,C:\Users\Craig\OneDrive\Desktop\Alnoris BMSx\Data\_extracted\nasa_ames\1. BatteryAgingARC-FY08Q4\B0007.mat
B0007,268,24.0,2008-05-06T01:06:52Z,0.04830739180756976,0.07449610987674748,C:\Users\Craig\OneDrive\Desktop\Alnoris BMSx\Data\_extracted\nasa_ames\1. BatteryAgingARC-FY08Q4\B0007.mat
B0007,270,24.0,2008-05-06T02:31:59Z,0.04876858782226287,0.07064567543830795,C:\Users\Craig\OneDrive\Desktop\Alnoris BMSx\Data\_extracted\nasa_ames\1. BatteryAgingARC-FY08Q4\B0007.mat
B0007,272,24.0,2008-05-06T06:05:11Z,0.04807714089362054,0.07403770271784743,C:\Users\Craig\OneDrive\Desktop\Alnoris BMSx\Data\_extracted\nasa_ames\1. BatteryAgingARC-FY08Q4\B0007.mat
B0007,274,24.0,2008-05-06T07:30:10Z,0.04812419279863444,0.07218949222755539,C:\Users\Craig\OneDrive\Desktop\Alnoris BMSx\Data\_extracted\nasa_ames\1. BatteryAgingARC-FY08Q4\B0007.mat
B0007,276,24.0,2008-05-06T10:53:26Z,0.048897202430558395,0.07193674461638987,C:\Users\Craig\OneDrive\Desktop\Alnoris BMSx\Data\_extracted\nasa_ames\1. BatteryAgingARC-FY08Q4\B0007.mat
B0007,278,24.0,2008-05-06T12:18:26Z,0.048287687725557416,0.0711931915352938,C:\Users\Craig\OneDrive\Desktop\Alnoris BMSx\Data\_extracted\nasa_ames\1. BatteryAgingARC-FY08Q4\B0007.mat
B0007,280,24.0,2008-05-06T15:51:41Z,0.05060519273798081,0.07400471120772745,C:\Users\Craig\OneDrive\Desktop\Alnoris BMSx\Data\_extracted\nasa_ames\1. BatteryAgingARC-FY08Q4\B0007.mat
B0007,282,24.0,2008-05-06T17:16:40Z,0.0518898593763007,0.07337968785128729,C:\Users\Craig\OneDrive\Desktop\Alnoris BMSx\Data\_extracted\nasa_ames\1. BatteryAgingARC-FY08Q4\B0007.mat
B0007,284,24.0,2008-05-06T20:49:54Z,0.05513227508897388,0.07463188429536609,C:\Users\Craig\OneDrive\Desktop\Alnoris BMSx\Data\_extracted\nasa_ames\1. BatteryAgingARC-FY08Q4\B0007.mat
B0007,286,24.0,2008-05-06T22:14:45Z,0.05314810765507648,0.07419785919197229,C:\Users\Craig\OneDrive\Desktop\Alnoris BMSx\Data\_extracted\nasa_ames\1. BatteryAgingARC-FY08Q4\B0007.mat
B0007,288,24.0,2008-05-07T01:45:30Z,0.052122387063300676,0.07530335771038864,C:\Users\Craig\OneDrive\Desktop\Alnoris BMSx\Data\_extracted\nasa_ames\1. BatteryAgingARC-FY08Q4\B0007.mat
B0007,290,24.0,2008-05-07T03:10:20Z,0.051886743475727706,0.07331681215513984,C:\Users\Craig\OneDrive\Desktop\Alnoris BMSx\Data\_extracted\nasa_ames\1. BatteryAgingARC-FY08Q4\B0007.mat
B0007,292,24.0,2008-05-07T06:32:06Z,0.05077571807567494,0.07496378520798935,C:\Users\Craig\OneDrive\Desktop\Alnoris BMSx\Data\_extracted\nasa_ames\1. BatteryAgingARC-FY08Q4\B0007.mat
B0007,294,24.0,2008-05-07T07:56:39Z,0.05127880020286333,0.07413404629394856,C:\Users\Craig\OneDrive\Desktop\Alnoris BMSx\Data\_extracted\nasa_ames\1. BatteryAgingARC-FY08Q4\B0007.mat
B0007,296,24.0,2008-05-07T11:29:54Z,0.05126724930337932,0.07541159661766002,C:\Users\Craig\OneDrive\Desktop\Alnoris BMSx\Data\_extracted\nasa_ames\1. BatteryAgingARC-FY08Q4\B0007.mat
B0007,298,24.0,2008-05-07T12:54:18Z,0.05162074784919272,0.07456760686704336,C:\Users\Craig\OneDrive\Desktop\Alnoris BMSx\Data\_extracted\nasa_ames\1. BatteryAgingARC-FY08Q4\B0007.mat
B0007,300,24.0,2008-05-07T16:27:34Z,0.051355678502895456,0.0749649652243977,C:\Users\Craig\OneDrive\Desktop\Alnoris BMSx\Data\_extracted\nasa_ames\1. BatteryAgingARC-FY08Q4\B0007.mat
B0007,302,24.0,2008-05-07T17:51:59Z,0.05218773955758448,0.0730264613396324,C:\Users\Craig\OneDrive\Desktop\Alnoris BMSx\Data\_extracted\nasa_ames\1. BatteryAgingARC-FY08Q4\B0007.mat
B0007,304,24.0,2008-05-07T21:24:14Z,0.05194895745860293,0.07469906780400354,C:\Users\Craig\OneDrive\Desktop\Alnoris BMSx\Data\_extracted\nasa_ames\1. BatteryAgingARC-FY08Q4\B0007.mat
B0007,306,24.0,2008-05-07T22:48:38Z,0.051323546192023374,0.07394056507406407,C:\Users\Craig\OneDrive\Desktop\Alnoris BMSx\Data\_extracted\nasa_ames\1. BatteryAgingARC-FY08Q4\B0007.mat
B0007,308,24.0,2008-05-08T02:21:54Z,0.05128667477654547,0.07539484013414438,C:\Users\Craig\OneDrive\Desktop\Alnoris BMSx\Data\_extracted\nasa_ames\1. BatteryAgingARC-FY08Q4\B0007.mat
B0007,310,24.0,2008-05-08T03:46:09Z,0.052841857026562786,0.07385806546031527,C:\Users\Craig\OneDrive\Desktop\Alnoris BMSx\Data\_extracted\nasa_ames\1. BatteryAgingARC-FY08Q4\B0007.mat
B0007,311,24.0,2008-05-09T11:53:10Z,0.05502813794451862,0.07705920199069437,C:\Users\Craig\OneDrive\Desktop\Alnoris BMSx\Data\_extracted\nasa_ames\1. BatteryAgingARC-FY08Q4\B0007.mat
B0007,313,24.0,2008-05-09T13:19:35Z,0.05527266157182866,0.07666481641775076,C:\Users\Craig\OneDrive\Desktop\Alnoris BMSx\Data\_extracted\nasa_ames\1. BatteryAgingARC-FY08Q4\B0007.mat
B0007,316,24.0,2008-05-09T21:21:03Z,0.05378413050825462,0.07630704682775627,C:\Users\Craig\OneDrive\Desktop\Alnoris BMSx\Data\_extracted\nasa_ames\1. BatteryAgingARC-FY08Q4\B0007.mat
B0007,318,24.0,2008-05-10T00:49:59Z,0.05324102311684918,0.07558335014316388,C:\Users\Craig\OneDrive\Desktop\Alnoris BMSx\Data\_extracted\nasa_ames\1. BatteryAgingARC-FY08Q4\B0007.mat
B0007,320,24.0,2008-05-10T02:14:42Z,0.05478650507622205,0.07743191172663344,C:\Users\Craig\OneDrive\Desktop\Alnoris BMSx\Data\_extracted\nasa_ames\1. BatteryAgingARC-FY08Q4\B0007.mat
B0007,322,24.0,2008-05-10T05:46:15Z,0.05273469991494585,0.07574262774043826,C:\Users\Craig\OneDrive\Desktop\Alnoris BMSx\Data\_extracted\nasa_ames\1. BatteryAgingARC-FY08Q4\B0007.mat
B0007,324,24.0,2008-05-10T07:10:49Z,0.05427689977479273,0.07517125637103751,C:\Users\Craig\OneDrive\Desktop\Alnoris BMSx\Data\_extracted\nasa_ames\1. BatteryAgingARC-FY08Q4\B0007.mat
B0007,326,24.0,2008-05-10T10:44:07Z,0.054101669766115246,0.07605862048749032,C:\Users\Craig\OneDrive\Desktop\Alnoris BMSx\Data\_extracted\nasa_ames\1. BatteryAgingARC-FY08Q4\B0007.mat
B0007,328,24.0,2008-05-10T12:08:32Z,0.05335555094385589,0.07624199701827614,C:\Users\Craig\OneDrive\Desktop\Alnoris BMSx\Data\_extracted\nasa_ames\1. BatteryAgingARC-FY08Q4\B0007.mat
B0007,330,24.0,2008-05-10T15:39:59Z,0.053379437619037746,0.0768769249386572,C:\Users\Craig\OneDrive\Desktop\Alnoris BMSx\Data\_extracted\nasa_ames\1. BatteryAgingARC-FY08Q4\B0007.mat
B0007,332,24.0,2008-05-10T17:04:16Z,0.05518512471358772,0.0767334331584221,C:\Users\Craig\OneDrive\Desktop\Alnoris BMSx\Data\_extracted\nasa_ames\1. BatteryAgingARC-FY08Q4\B0007.mat
B0007,334,24.0,2008-05-10T20:35:57Z,0.05523767045005179,0.07884381066373808,C:\Users\Craig\OneDrive\Desktop\Alnoris BMSx\Data\_extracted\nasa_ames\1. BatteryAgingARC-FY08Q4\B0007.mat
B0007,336,24.0,2008-05-10T22:00:05Z,0.053994133680981084,0.07773988563055201,C:\Users\Craig\OneDrive\Desktop\Alnoris BMSx\Data\_extracted\nasa_ames\1. BatteryAgingARC-FY08Q4\B0007.mat
B0007,338,24.0,2008-05-11T01:33:24Z,0.054439338280930595,0.07785420519610012,C:\Users\Craig\OneDrive\Desktop\Alnoris BMSx\Data\_extracted\nasa_ames\1. BatteryAgingARC-FY08Q4\B0007.mat
B0007,340,24.0,2008-05-11T02:57:32Z,0.055109377347250715,0.07623069832622051,C:\Users\Craig\OneDrive\Desktop\Alnoris BMSx\Data\_extracted\nasa_ames\1. BatteryAgingARC-FY08Q4\B0007.mat
B0007,342,24.0,2008-05-11T06:23:30Z,0.05405487569096337,0.07821105614795815,C:\Users\Craig\OneDrive\Desktop\Alnoris BMSx\Data\_extracted\nasa_ames\1. BatteryAgingARC-FY08Q4\B0007.mat
B0007,344,24.0,2008-05-11T07:47:30Z,0.05479070192432567,0.0771316593546729,C:\Users\Craig\OneDrive\Desktop\Alnoris BMSx\Data\_extracted\nasa_ames\1. BatteryAgingARC-FY08Q4\B0007.mat
B0007,346,24.0,2008-05-11T11:20:49Z,0.05335322659418541,0.07819867312210359,C:\Users\Craig\OneDrive\Desktop\Alnoris BMSx\Data\_extracted\nasa_ames\1. BatteryAgingARC-FY08Q4\B0007.mat
B0007,348,24.0,2008-05-11T12:44:40Z,0.05372850301976263,0.07612674604645071,C:\Users\Craig\OneDrive\Desktop\Alnoris BMSx\Data\_extracted\nasa_ames\1. BatteryAgingARC-FY08Q4\B0007.mat
B0007,350,24.0,2008-05-11T16:18:00Z,0.05354779689154472,0.07799840526566774,C:\Users\Craig\OneDrive\Desktop\Alnoris BMSx\Data\_extracted\nasa_ames\1. BatteryAgingARC-FY08Q4\B0007.mat
B0007,352,24.0,2008-05-11T17:41:53Z,0.05342880437818603,0.07475396587125875,C:\Users\Craig\OneDrive\Desktop\Alnoris BMSx\Data\_extracted\nasa_ames\1. BatteryAgingARC-FY08Q4\B0007.mat
B0007,354,24.0,2008-05-11T21:15:14Z,0.05429631089195726,0.07755605645193993,C:\Users\Craig\OneDrive\Desktop\Alnoris BMSx\Data\_extracted\nasa_ames\1. BatteryAgingARC-FY08Q4\B0007.mat
B0007,356,24.0,2008-05-11T22:38:57Z,0.05466184236291413,0.07846015850370025,C:\Users\Craig\OneDrive\Desktop\Alnoris BMSx\Data\_extracted\nasa_ames\1. BatteryAgingARC-FY08Q4\B0007.mat
B0007,358,24.0,2008-05-12T02:05:00Z,0.054140507846383475,0.07849103991881125,C:\Users\Craig\OneDrive\Desktop\Alnoris BMSx\Data\_extracted\nasa_ames\1. BatteryAgingARC-FY08Q4\B0007.mat
B0007,360,24.0,2008-05-12T03:28:34Z,0.053882401638940244,0.0774785569851945,C:\Users\Craig\OneDrive\Desktop\Alnoris BMSx\Data\_extracted\nasa_ames\1. BatteryAgingARC-FY08Q4\B0007.mat
B0007,362,24.0,2008-05-12T12:24:36Z,0.05497736185369785,0.07863873360391814,C:\Users\Craig\OneDrive\Desktop\Alnoris BMSx\Data\_extracted\nasa_ames\1. BatteryAgingARC-FY08Q4\B0007.mat
B0007,364,24.0,2008-05-12T13:48:19Z,0.05427616393971161,0.07537775917996459,C:\Users\Craig\OneDrive\Desktop\Alnoris BMSx\Data\_extracted\nasa_ames\1. BatteryAgingARC-FY08Q4\B0007.mat
B0007,367,24.0,2008-05-12T19:51:52Z,0.05377474963866314,0.07616309255239219,C:\Users\Craig\OneDrive\Desktop\Alnoris BMSx\Data\_extracted\nasa_ames\1. BatteryAgingARC-FY08Q4\B0007.mat
B0007,369,24.0,2008-05-12T23:21:19Z,0.054523978157317556,0.0781727897082057,C:\Users\Craig\OneDrive\Desktop\Alnoris BMSx\Data\_extracted\nasa_ames\1. BatteryAgingARC-FY08Q4\B0007.mat
B0007,371,24.0,2008-05-13T00:44:53Z,0.0531805398246686,0.07546214094908074,C:\Users\Craig\OneDrive\Desktop\Alnoris BMSx\Data\_extracted\nasa_ames\1. BatteryAgingARC-FY08Q4\B0007.mat
B0007,373,24.0,2008-05-13T04:03:26Z,0.05441238770330601,0.07816806645061,C:\Users\Craig\OneDrive\Desktop\Alnoris BMSx\Data\_extracted\nasa_ames\1. BatteryAgingARC-FY08Q4\B0007.mat
B0007,375,24.0,2008-05-13T05:26:51Z,0.05409518971933728,0.07684363196174843,C:\Users\Craig\OneDrive\Desktop\Alnoris BMSx\Data\_extracted\nasa_ames\1. BatteryAgingARC-FY08Q4\B0007.mat
B0007,377,24.0,2008-05-13T08:52:05Z,0.05451219205855288,0.07651054614613173,C:\Users\Craig\OneDrive\Desktop\Alnoris BMSx\Data\_extracted\nasa_ames\1. BatteryAgingARC-FY08Q4\B0007.mat
B0007,379,24.0,2008-05-13T10:15:02Z,0.056164422063534065,0.07769932463139873,C:\Users\Craig\OneDrive\Desktop\Alnoris BMSx\Data\_extracted\nasa_ames\1. BatteryAgingARC-FY08Q4\B0007.mat
B0007,381,24.0,2008-05-13T13:48:25Z,0.052351911552094406,0.0772564945442686,C:\Users\Craig\OneDrive\Desktop\Alnoris BMSx\Data\_extracted\nasa_ames\1. BatteryAgingARC-FY08Q4\B0007.mat
B0007,383,24.0,2008-05-13T15:11:42Z,0.05561672295492655,0.07570816049932046,C:\Users\Craig\OneDrive\Desktop\Alnoris BMSx\Data\_extracted\nasa_ames\1. BatteryAgingARC-FY08Q4\B0007.mat
B0007,385,24.0,2008-05-13T18:32:21Z,0.055582769847162185,0.07723477152073635,C:\Users\Craig\OneDrive\Desktop\Alnoris BMSx\Data\_extracted\nasa_ames\1. BatteryAgingARC-FY08Q4\B0007.mat
B0007,387,24.0,2008-05-13T19:55:29Z,0.054893315578426714,0.0784417847890159,C:\Users\Craig\OneDrive\Desktop\Alnoris BMSx\Data\_extracted\nasa_ames\1. BatteryAgingARC-FY08Q4\B0007.mat
B0007,389,24.0,2008-05-13T23:27:26Z,0.05474089300471066,0.07901841555586095,C:\Users\Craig\OneDrive\Desktop\Alnoris BMSx\Data\_extracted\nasa_ames\1. BatteryAgingARC-FY08Q4\B0007.mat
B0007,391,24.0,2008-05-14T00:50:35Z,0.05559975704161817,0.07623453799616979,C:\Users\Craig\OneDrive\Desktop\Alnoris BMSx\Data\_extracted\nasa_ames\1. BatteryAgingARC-FY08Q4\B0007.mat
B0007,393,24.0,2008-05-14T04:23:57Z,0.055237233438058246,0.0799393133533925,C:\Users\Craig\OneDrive\Desktop\Alnoris BMSx\Data\_extracted\nasa_ames\1. BatteryAgingARC-FY08Q4\B0007.mat
B0007,395,24.0,2008-05-14T05:46:58Z,0.05396274243560972,0.07868889028954579,C:\Users\Craig\OneDrive\Desktop\Alnoris BMSx\Data\_extracted\nasa_ames\1. BatteryAgingARC-FY08Q4\B0007.mat
B0007,397,24.0,2008-05-14T09:20:22Z,0.0572653476857599,0.07942312226110386,C:\Users\Craig\OneDrive\Desktop\Alnoris BMSx\Data\_extracted\nasa_ames\1. BatteryAgingARC-FY08Q4\B0007.mat
B0007,399,24.0,2008-05-14T10:43:12Z,0.0541146320474673,0.07612960917607249,C:\Users\Craig\OneDrive\Desktop\Alnoris BMSx\Data\_extracted\nasa_ames\1. BatteryAgingARC-FY08Q4\B0007.mat
B0007,401,24.0,2008-05-14T14:03:22Z,0.05107064795051435,0.07876484726875482,C:\Users\Craig\OneDrive\Desktop\Alnoris BMSx\Data\_extracted\nasa_ames\1. BatteryAgingARC-FY08Q4\B0007.mat
B0007,403,24.0,2008-05-14T15:26:13Z,0.05245305255719061,0.07836888342427649,C:\Users\Craig\OneDrive\Desktop\Alnoris BMSx\Data\_extracted\nasa_ames\1. BatteryAgingARC-FY08Q4\B0007.mat
B0007,405,24.0,2008-05-14T18:59:38Z,0.05508857873132331,0.07806701171840846,C:\Users\Craig\OneDrive\Desktop\Alnoris BMSx\Data\_extracted\nasa_ames\1. BatteryAgingARC-FY08Q4\B0007.mat
B0007,407,24.0,2008-05-14T20:22:30Z,0.053291029799270764,0.07774180078331032,C:\Users\Craig\OneDrive\Desktop\Alnoris BMSx\Data\_extracted\nasa_ames\1. BatteryAgingARC-FY08Q4\B0007.mat
B0007,409,24.0,2008-05-14T23:55:55Z,0.055778574185470456,0.07824269800333249,C:\Users\Craig\OneDrive\Desktop\Alnoris BMSx\Data\_extracted\nasa_ames\1. BatteryAgingARC-FY08Q4\B0007.mat
B0007,411,24.0,2008-05-15T01:18:37Z,0.05374267950314573,0.07767030600334027,C:\Users\Craig\OneDrive\Desktop\Alnoris BMSx\Data\_extracted\nasa_ames\1. BatteryAgingARC-FY08Q4\B0007.mat
B0007,413,24.0,2008-05-15T04:52:04Z,0.058454793092531966,0.07808837738558039,C:\Users\Craig\OneDrive\Desktop\Alnoris BMSx\Data\_extracted\nasa_ames\1. BatteryAgingARC-FY08Q4\B0007.mat
B0007,415,24.0,2008-05-15T06:14:38Z,0.05464489394226865,0.07820049396409737,C:\Users\Craig\OneDrive\Desktop\Alnoris BMSx\Data\_extracted\nasa_ames\1. BatteryAgingARC-FY08Q4\B0007.mat
B0007,417,24.0,2008-05-15T09:48:03Z,0.05487289835073646,0.08114313792394433,C:\Users\Craig\OneDrive\Desktop\Alnoris BMSx\Data\_extracted\nasa_ames\1. BatteryAgingARC-FY08Q4\B0007.mat
B0007,419,24.0,2008-05-15T11:10:28Z,0.05828419298726298,0.07844622962445755,C:\Users\Craig\OneDrive\Desktop\Alnoris BMSx\Data\_extracted\nasa_ames\1. BatteryAgingARC-FY08Q4\B0007.mat
B0007,421,24.0,2008-05-15T14:38:58Z,0.0568991758337347,0.07887220766486298,C:\Users\Craig\OneDrive\Desktop\Alnoris BMSx\Data\_extracted\nasa_ames\1. BatteryAgingARC-FY08Q4\B0007.mat
B0007,423,24.0,2008-05-15T16:01:23Z,0.05428987712099985,0.07797181026914603,C:\Users\Craig\OneDrive\Desktop\Alnoris BMSx\Data\_extracted\nasa_ames\1. BatteryAgingARC-FY08Q4\B0007.mat
B0007,425,24.0,2008-05-15T19:24:46Z,0.05574285095910161,0.08005685613579032,C:\Users\Craig\OneDrive\Desktop\Alnoris BMSx\Data\_extracted\nasa_ames\1. BatteryAgingARC-FY08Q4\B0007.mat
B0007,427,24.0,2008-05-15T20:47:12Z,0.056765631832907296,0.0783665633777987,C:\Users\Craig\OneDrive\Desktop\Alnoris BMSx\Data\_extracted\nasa_ames\1. BatteryAgingARC-FY08Q4\B0007.mat
B0007,429,24.0,2008-05-16T00:09:33Z,0.05446434802277253,0.07791983537472322,C:\Users\Craig\OneDrive\Desktop\Alnoris BMSx\Data\_extracted\nasa_ames\1. BatteryAgingARC-FY08Q4\B0007.mat
B0007,433,24.0,2008-05-16T22:28:31Z,0.05968120820514389,0.07951493628212278,C:\Users\Craig\OneDrive\Desktop\Alnoris BMSx\Data\_extracted\nasa_ames\1. BatteryAgingARC-FY08Q4\B0007.mat
B0007,435,24.0,2008-05-17T02:00:12Z,0.05604258367132115,0.07991327205972212,C:\Users\Craig\OneDrive\Desktop\Alnoris BMSx\Data\_extracted\nasa_ames\1. BatteryAgingARC-FY08Q4\B0007.mat
B0007,437,24.0,2008-05-17T03:22:47Z,0.057541452922451095,0.08149127802203272,C:\Users\Craig\OneDrive\Desktop\Alnoris BMSx\Data\_extracted\nasa_ames\1. BatteryAgingARC-FY08Q4\B0007.mat
B0007,439,24.0,2008-05-17T06:53:18Z,0.05719697967170129,0.08185319457580625,C:\Users\Craig\OneDrive\Desktop\Alnoris BMSx\Data\_extracted\nasa_ames\1. BatteryAgingARC-FY08Q4\B0007.mat
B0007,441,24.0,2008-05-17T08:15:45Z,0.056906824959249674,0.0800043038139232,C:\Users\Craig\OneDrive\Desktop\Alnoris BMSx\Data\_extracted\nasa_ames\1. BatteryAgingARC-FY08Q4\B0007.mat
B0007,443,24.0,2008-05-17T11:49:14Z,0.05533954029001459,0.08086669055606474,C:\Users\Craig\OneDrive\Desktop\Alnoris BMSx\Data\_extracted\nasa_ames\1. BatteryAgingARC-FY08Q4\B0007.mat
B0007,445,24.0,2008-05-17T13:11:30Z,0.05670268214391647,0.08127758920341213,C:\Users\Craig\OneDrive\Desktop\Alnoris BMSx\Data\_extracted\nasa_ames\1. BatteryAgingARC-FY08Q4\B0007.mat
B0007,447,24.0,2008-05-17T16:43:35Z,0.057050602535577005,0.08153840356165401,C:\Users\Craig\OneDrive\Desktop\Alnoris BMSx\Data\_extracted\nasa_ames\1. BatteryAgingARC-FY08Q4\B0007.mat
B0007,449,24.0,2008-05-17T18:05:53Z,0.05753505401536875,0.07713077542429995,C:\Users\Craig\OneDrive\Desktop\Alnoris BMSx\Data\_extracted\nasa_ames\1. BatteryAgingARC-FY08Q4\B0007.mat
B0007,451,24.0,2008-05-17T21:38:49Z,0.0577616170406075,0.0820660023586674,C:\Users\Craig\OneDrive\Desktop\Alnoris BMSx\Data\_extracted\nasa_ames\1. BatteryAgingARC-FY08Q4\B0007.mat
B0007,453,24.0,2008-05-17T23:00:48Z,0.057686948907810176,0.08022088362573354,C:\Users\Craig\OneDrive\Desktop\Alnoris BMSx\Data\_extracted\nasa_ames\1. BatteryAgingARC-FY08Q4\B0007.mat
B0007,455,24.0,2008-05-18T02:33:17Z,0.057585488535843915,0.08293347770359485,C:\Users\Craig\OneDrive\Desktop\Alnoris BMSx\Data\_extracted\nasa_ames\1. BatteryAgingARC-FY08Q4\B0007.mat
B0007,457,24.0,2008-05-18T03:55:17Z,0.05770347788466892,0.08126925834885164,C:\Users\Craig\OneDrive\Desktop\Alnoris BMSx\Data\_extracted\nasa_ames\1. BatteryAgingARC-FY08Q4\B0007.mat
B0007,459,24.0,2008-05-18T07:28:48Z,0.05670666348649182,0.08268806521788226,C:\Users\Craig\OneDrive\Desktop\Alnoris BMSx\Data\_extracted\nasa_ames\1. BatteryAgingARC-FY08Q4\B0007.mat
B0007,461,24.0,2008-05-18T08:50:48Z,0.05723155595298293,0.0826950250965445,C:\Users\Craig\OneDrive\Desktop\Alnoris BMSx\Data\_extracted\nasa_ames\1. BatteryAgingARC-FY08Q4\B0007.mat
B0007,463,24.0,2008-05-18T12:12:46Z,0.05871571908588068,0.08294174003043774,C:\Users\Craig\OneDrive\Desktop\Alnoris BMSx\Data\_extracted\nasa_ames\1. BatteryAgingARC-FY08Q4\B0007.mat
B0007,465,24.0,2008-05-18T13:34:37Z,0.05786085013264919,0.08079562408415836,C:\Users\Craig\OneDrive\Desktop\Alnoris BMSx\Data\_extracted\nasa_ames\1. BatteryAgingARC-FY08Q4\B0007.mat
B0007,467,24.0,2008-05-18T17:04:27Z,0.057109751399146834,0.08239034528661737,C:\Users\Craig\OneDrive\Desktop\Alnoris BMSx\Data\_extracted\nasa_ames\1. BatteryAgingARC-FY08Q4\B0007.mat
B0007,469,24.0,2008-05-18T18:26:10Z,0.057511140154939196,0.08182855408185172,C:\Users\Craig\OneDrive\Desktop\Alnoris BMSx\Data\_extracted\nasa_ames\1. BatteryAgingARC-FY08Q4\B0007.mat
B0007,471,24.0,2008-05-18T21:59:40Z,0.05701776890792207,0.0816566640960627,C:\Users\Craig\OneDrive\Desktop\Alnoris BMSx\Data\_extracted\nasa_ames\1. BatteryAgingARC-FY08Q4\B0007.mat
B0007,473,24.0,2008-05-18T23:21:28Z,0.05818081028754896,0.08248706088939217,C:\Users\Craig\OneDrive\Desktop\Alnoris BMSx\Data\_extracted\nasa_ames\1. BatteryAgingARC-FY08Q4\B0007.mat
B0007,475,24.0,2008-05-19T02:55:02Z,0.05771468674207234,0.08397428323884612,C:\Users\Craig\OneDrive\Desktop\Alnoris BMSx\Data\_extracted\nasa_ames\1. BatteryAgingARC-FY08Q4\B0007.mat
B0007,477,24.0,2008-05-19T04:16:50Z,0.057554341890008825,0.08219829115379546,C:\Users\Craig\OneDrive\Desktop\Alnoris BMSx\Data\_extracted\nasa_ames\1. BatteryAgingARC-FY08Q4\B0007.mat
B0007,479,24.0,2008-05-19T07:49:12Z,0.0568683507839505,0.08373541370295104,C:\Users\Craig\OneDrive\Desktop\Alnoris BMSx\Data\_extracted\nasa_ames\1. BatteryAgingARC-FY08Q4\B0007.mat
B0007,485,24.0,2008-05-20T02:06:32Z,0.06009510252454094,0.07958025942701291,C:\Users\Craig\OneDrive\Desktop\Alnoris BMSx\Data\_extracted\nasa_ames\1. BatteryAgingARC-FY08Q4\B0007.mat
B0007,487,24.0,2008-05-20T05:40:03Z,0.0546567857524269,0.08196905646669346,C:\Users\Craig\OneDrive\Desktop\Alnoris BMSx\Data\_extracted\nasa_ames\1. BatteryAgingARC-FY08Q4\B0007.mat
B0007,489,24.0,2008-05-20T07:01:47Z,0.05600939306983416,0.08238368438591265,C:\Users\Craig\OneDrive\Desktop\Alnoris BMSx\Data\_extracted\nasa_ames\1. BatteryAgingARC-FY08Q4\B0007.mat
B0007,491,24.0,2008-05-20T10:35:19Z,0.05855396288691582,0.0817127037862085,C:\Users\Craig\OneDrive\Desktop\Alnoris BMSx\Data\_extracted\nasa_ames\1. BatteryAgingARC-FY08Q4\B0007.mat
B0007,493,24.0,2008-05-20T11:56:55Z,0.05716927145517217,0.08220383699971687,C:\Users\Craig\OneDrive\Desktop\Alnoris BMSx\Data\_extracted\nasa_ames\1. BatteryAgingARC-FY08Q4\B0007.mat
B0007,495,24.0,2008-05-20T15:25:23Z,0.058279853382820955,0.08282201995515953,C:\Users\Craig\OneDrive\Desktop\Alnoris BMSx\Data\_extracted\nasa_ames\1. BatteryAgingARC-FY08Q4\B0007.mat
B0007,497,24.0,2008-05-20T16:46:59Z,0.06391487439073515,0.08730430672192088,C:\Users\Craig\OneDrive\Desktop\Alnoris BMSx\Data\_extracted\nasa_ames\1. BatteryAgingARC-FY08Q4\B0007.mat
B0007,499,24.0,2008-05-20T20:18:35Z,0.06554333401316845,0.08712630369162297,C:\Users\Craig\OneDrive\Desktop\Alnoris BMSx\Data\_extracted\nasa_ames\1. BatteryAgingARC-FY08Q4\B0007.mat
B0007,501,24.0,2008-05-20T21:40:11Z,0.06305909149270444,0.08573561975109256,C:\Users\Craig\OneDrive\Desktop\Alnoris BMSx\Data\_extracted\nasa_ames\1. BatteryAgingARC-FY08Q4\B0007.mat
B0007,503,24.0,2008-05-21T01:07:35Z,0.06343709105065118,0.08961239735080084,C:\Users\Craig\OneDrive\Desktop\Alnoris BMSx\Data\_extracted\nasa_ames\1. BatteryAgingARC-FY08Q4\B0007.mat
B0007,505,24.0,2008-05-21T02:29:02Z,0.06464924767693998,0.08956183369238867,C:\Users\Craig\OneDrive\Desktop\Alnoris BMSx\Data\_extracted\nasa_ames\1. BatteryAgingARC-FY08Q4\B0007.mat
B0007,507,24.0,2008-05-21T05:52:23Z,0.064090710272644,0.08923128682926011,C:\Users\Craig\OneDrive\Desktop\Alnoris BMSx\Data\_extracted\nasa_ames\1. BatteryAgingARC-FY08Q4\B0007.mat
B0007,509,24.0,2008-05-21T07:13:41Z,0.06341897509984018,0.08798070573782549,C:\Users\Craig\OneDrive\Desktop\Alnoris BMSx\Data\_extracted\nasa_ames\1. BatteryAgingARC-FY08Q4\B0007.mat
B0007,511,24.0,2008-05-21T10:46:01Z,0.0649449108692077,0.0882787478820197,C:\Users\Craig\OneDrive\Desktop\Alnoris BMSx\Data\_extracted\nasa_ames\1. BatteryAgingARC-FY08Q4\B0007.mat
B0007,513,24.0,2008-05-21T12:07:20Z,0.06404659499126542,0.08969255599053269,C:\Users\Craig\OneDrive\Desktop\Alnoris BMSx\Data\_extracted\nasa_ames\1. BatteryAgingARC-FY08Q4\B0007.mat
B0007,515,24.0,2008-05-21T15:38:16Z,0.06309122315038551,0.09066468210852158,C:\Users\Craig\OneDrive\Desktop\Alnoris BMSx\Data\_extracted\nasa_ames\1. BatteryAgingARC-FY08Q4\B0007.mat
B0007,517,24.0,2008-05-21T16:59:36Z,0.06435127573332249,0.08733673232133125,C:\Users\Craig\OneDrive\Desktop\Alnoris BMSx\Data\_extracted\nasa_ames\1. BatteryAgingARC-FY08Q4\B0007.mat
B0007,519,24.0,2008-05-21T20:30:05Z,0.0635675339735441,0.09036756488030863,C:\Users\Craig\OneDrive\Desktop\Alnoris BMSx\Data\_extracted\nasa_ames\1. BatteryAgingARC-FY08Q4\B0007.mat
B0007,521,24.0,2008-05-21T21:51:16Z,0.06591948382872609,0.08850648431782984,C:\Users\Craig\OneDrive\Desktop\Alnoris BMSx\Data\_extracted\nasa_ames\1. BatteryAgingARC-FY08Q4\B0007.mat
B0007,523,24.0,2008-05-22T01:10:54Z,0.06354297240865986,0.08993700983227765,C:\Users\Craig\OneDrive\Desktop\Alnoris BMSx\Data\_extracted\nasa_ames\1. BatteryAgingARC-FY08Q4\B0007.mat
B0007,525,24.0,2008-05-22T02:32:06Z,0.0649977419450826,0.08918839817199381,C:\Users\Craig\OneDrive\Desktop\Alnoris BMSx\Data\_extracted\nasa_ames\1. BatteryAgingARC-FY08Q4\B0007.mat
B0007,527,24.0,2008-05-22T06:00:35Z,0.06362757826786986,0.09244959245559134,C:\Users\Craig\OneDrive\Desktop\Alnoris BMSx\Data\_extracted\nasa_ames\1. BatteryAgingARC-FY08Q4\B0007.mat
B0007,529,24.0,2008-05-22T07:21:37Z,0.0659153562053605,0.08881959919920622,C:\Users\Craig\OneDrive\Desktop\Alnoris BMSx\Data\_extracted\nasa_ames\1. BatteryAgingARC-FY08Q4\B0007.mat
B0007,531,24.0,2008-05-22T10:51:17Z,0.06590148740383334,0.09003267092142803,C:\Users\Craig\OneDrive\Desktop\Alnoris BMSx\Data\_extracted\nasa_ames\1. BatteryAgingARC-FY08Q4\B0007.mat
B0007,533,24.0,2008-05-22T12:12:19Z,0.06514267045890823,0.08999845498726056,C:\Users\Craig\OneDrive\Desktop\Alnoris BMSx\Data\_extracted\nasa_ames\1. BatteryAgingARC-FY08Q4\B0007.mat
B0007,535,24.0,2008-05-22T15:45:53Z,0.06434871776064219,0.09283376873093901,C:\Users\Craig\OneDrive\Desktop\Alnoris BMSx\Data\_extracted\nasa_ames\1. BatteryAgingARC-FY08Q4\B0007.mat
B0007,537,24.0,2008-05-22T17:06:57Z,0.06518183738180343,0.09083905346760647,C:\Users\Craig\OneDrive\Desktop\Alnoris BMSx\Data\_extracted\nasa_ames\1. BatteryAgingARC-FY08Q4\B0007.mat
B0007,539,24.0,2008-05-22T20:27:44Z,0.06476902315692028,0.09121990458691583,C:\Users\Craig\OneDrive\Desktop\Alnoris BMSx\Data\_extracted\nasa_ames\1. BatteryAgingARC-FY08Q4\B0007.mat
B0007,541,24.0,2008-05-22T21:48:39Z,0.063543167392366,0.08852778068820681,C:\Users\Craig\OneDrive\Desktop\Alnoris BMSx\Data\_extracted\nasa_ames\1. BatteryAgingARC-FY08Q4\B0007.mat
B0007,543,24.0,2008-05-23T11:41:10Z,0.06353069093235883,0.09116725503746168,C:\Users\Craig\OneDrive\Desktop\Alnoris BMSx\Data\_extracted\nasa_ames\1. BatteryAgingARC-FY08Q4\B0007.mat
B0007,545,24.0,2008-05-23T13:02:15Z,0.06422481176747886,0.087404820535234,C:\Users\Craig\OneDrive\Desktop\Alnoris BMSx\Data\_extracted\nasa_ames\1. BatteryAgingARC-FY08Q4\B0007.mat
B0007,548,24.0,2008-05-23T21:03:54Z,0.06415912257007907,0.09032883849831895,C:\Users\Craig\OneDrive\Desktop\Alnoris BMSx\Data\_extracted\nasa_ames\1. BatteryAgingARC-FY08Q4\B0007.mat
B0007,550,24.0,2008-05-24T00:37:15Z,0.06643642479689273,0.08671624569408547,C:\Users\Craig\OneDrive\Desktop\Alnoris BMSx\Data\_extracted\nasa_ames\1. BatteryAgingARC-FY08Q4\B0007.mat
B0007,552,24.0,2008-05-24T01:58:28Z,0.0634542700643541,0.08768736146246846,C:\Users\Craig\OneDrive\Desktop\Alnoris BMSx\Data\_extracted\nasa_ames\1. BatteryAgingARC-FY08Q4\B0007.mat
B0007,554,24.0,2008-05-24T05:28:14Z,0.06329811599005293,0.0883740485896972,C:\Users\Craig\OneDrive\Desktop\Alnoris BMSx\Data\_extracted\nasa_ames\1. BatteryAgingARC-FY08Q4\B0007.mat
B0007,556,24.0,2008-05-24T06:49:19Z,0.06291934396330487,0.08582394976894858,C:\Users\Craig\OneDrive\Desktop\Alnoris BMSx\Data\_extracted\nasa_ames\1. BatteryAgingARC-FY08Q4\B0007.mat
B0007,558,24.0,2008-05-24T10:10:44Z,0.06145601214896925,0.08889557028653669,C:\Users\Craig\OneDrive\Desktop\Alnoris BMSx\Data\_extracted\nasa_ames\1. BatteryAgingARC-FY08Q4\B0007.mat
B0007,560,24.0,2008-05-24T11:31:49Z,0.06237849213168391,0.08721191866822824,C:\Users\Craig\OneDrive\Desktop\Alnoris BMSx\Data\_extracted\nasa_ames\1. BatteryAgingARC-FY08Q4\B0007.mat
B0007,562,24.0,2008-05-24T14:59:04Z,0.06382375412452716,0.09017378045499043,C:\Users\Craig\OneDrive\Desktop\Alnoris BMSx\Data\_extracted\nasa_ames\1. BatteryAgingARC-FY08Q4\B0007.mat
B0007,564,24.0,2008-05-24T16:20:01Z,0.06275733239183592,0.08974609994235133,C:\Users\Craig\OneDrive\Desktop\Alnoris BMSx\Data\_extracted\nasa_ames\1. BatteryAgingARC-FY08Q4\B0007.mat
B0007,566,24.0,2008-05-24T19:49:07Z,0.06454679946231442,0.09024797990776603,C:\Users\Craig\OneDrive\Desktop\Alnoris BMSx\Data\_extracted\nasa_ames\1. BatteryAgingARC-FY08Q4\B0007.mat
B0007,568,24.0,2008-05-24T21:10:04Z,0.06393487478280767,0.08892224605524425,C:\Users\Craig\OneDrive\Desktop\Alnoris BMSx\Data\_extracted\nasa_ames\1. BatteryAgingARC-FY08Q4\B0007.mat
B0007,570,24.0,2008-05-25T00:34:43Z,0.06249691986052604,0.09115545784670619,C:\Users\Craig\OneDrive\Desktop\Alnoris BMSx\Data\_extracted\nasa_ames\1. BatteryAgingARC-FY08Q4\B0007.mat
B0007,572,24.0,2008-05-25T01:55:30Z,0.06265091616586904,0.08803688863240228,C:\Users\Craig\OneDrive\Desktop\Alnoris BMSx\Data\_extracted\nasa_ames\1. BatteryAgingARC-FY08Q4\B0007.mat
B0007,574,24.0,2008-05-25T05:25:11Z,0.06334787344507525,0.09172637881195314,C:\Users\Craig\OneDrive\Desktop\Alnoris BMSx\Data\_extracted\nasa_ames\1. BatteryAgingARC-FY08Q4\B0007.mat
B0007,576,24.0,2008-05-25T06:45:59Z,0.06579302475690738,0.0902509933428324,C:\Users\Craig\OneDrive\Desktop\Alnoris BMSx\Data\_extracted\nasa_ames\1. BatteryAgingARC-FY08Q4\B0007.mat
B0007,578,24.0,2008-05-25T10:19:30Z,0.06729379539953537,0.08877642239876088,C:\Users\Craig\OneDrive\Desktop\Alnoris BMSx\Data\_extracted\nasa_ames\1. BatteryAgingARC-FY08Q4\B0007.mat
B0007,580,24.0,2008-05-25T11:40:09Z,0.06430967319687048,0.09093892772715068,C:\Users\Craig\OneDrive\Desktop\Alnoris BMSx\Data\_extracted\nasa_ames\1. BatteryAgingARC-FY08Q4\B0007.mat
B0007,582,24.0,2008-05-25T15:05:01Z,0.06579546046710036,0.08913718734703446,C:\Users\Craig\OneDrive\Desktop\Alnoris BMSx\Data\_extracted\nasa_ames\1. BatteryAgingARC-FY08Q4\B0007.mat
B0007,584,24.0,2008-05-25T16:25:42Z,0.0643176054267762,0.08965051639295069,C:\Users\Craig\OneDrive\Desktop\Alnoris BMSx\Data\_extracted\nasa_ames\1. BatteryAgingARC-FY08Q4\B0007.mat
B0007,586,24.0,2008-05-25T19:50:54Z,0.06706903713310808,0.08931746529758988,C:\Users\Craig\OneDrive\Desktop\Alnoris BMSx\Data\_extracted\nasa_ames\1. BatteryAgingARC-FY08Q4\B0007.mat
B0007,588,24.0,2008-05-25T21:11:31Z,0.06264775576524217,0.09062764033755996,C:\Users\Craig\OneDrive\Desktop\Alnoris BMSx\Data\_extracted\nasa_ames\1. BatteryAgingARC-FY08Q4\B0007.mat
B0007,590,24.0,2008-05-26T00:40:52Z,0.06490942889368799,0.09075727480252856,C:\Users\Craig\OneDrive\Desktop\Alnoris BMSx\Data\_extracted\nasa_ames\1. BatteryAgingARC-FY08Q4\B0007.mat
B0007,592,24.0,2008-05-26T02:01:29Z,0.06409904375539072,0.09048892075072754,C:\Users\Craig\OneDrive\Desktop\Alnoris BMSx\Data\_extracted\nasa_ames\1. BatteryAgingARC-FY08Q4\B0007.mat
B0007,594,24.0,2008-05-26T05:28:58Z,0.06468467106868281,0.0912602372721357,C:\Users\Craig\OneDrive\Desktop\Alnoris BMSx\Data\_extracted\nasa_ames\1. BatteryAgingARC-FY08Q4\B0007.mat
B0007,596,24.0,2008-05-26T06:49:35Z,0.06263768180094363,0.0889708433613751,C:\Users\Craig\OneDrive\Desktop\Alnoris BMSx\Data\_extracted\nasa_ames\1. BatteryAgingARC-FY08Q4\B0007.mat
B0007,598,24.0,2008-05-26T10:12:28Z,0.06476607440681181,0.09331506762885133,C:\Users\Craig\OneDrive\Desktop\Alnoris BMSx\Data\_extracted\nasa_ames\1. BatteryAgingARC-FY08Q4\B0007.mat
B0007,600,24.0,2008-05-26T11:32:56Z,0.06461075599348456,0.09019465992992068,C:\Users\Craig\OneDrive\Desktop\Alnoris BMSx\Data\_extracted\nasa_ames\1. BatteryAgingARC-FY08Q4\B0007.mat
B0007,602,24.0,2008-05-26T14:58:33Z,0.06468646287403104,0.09357177480301318,C:\Users\Craig\OneDrive\Desktop\Alnoris BMSx\Data\_extracted\nasa_ames\1. BatteryAgingARC-FY08Q4\B0007.mat
B0007,604,24.0,2008-05-26T16:19:02Z,0.06492066764951249,0.08955496020574386,C:\Users\Craig\OneDrive\Desktop\Alnoris BMSx\Data\_extracted\nasa_ames\1. BatteryAgingARC-FY08Q4\B0007.mat
B0007,606,24.0,2008-05-26T19:48:54Z,0.06492526583837316,0.0913267326241943,C:\Users\Craig\OneDrive\Desktop\Alnoris BMSx\Data\_extracted\nasa_ames\1. BatteryAgingARC-FY08Q4\B0007.mat
B0007,608,24.0,2008-05-26T21:09:22Z,0.06466353603836943,0.0919880772013069,C:\Users\Craig\OneDrive\Desktop\Alnoris BMSx\Data\_extracted\nasa_ames\1. BatteryAgingARC-FY08Q4\B0007.mat
B0007,610,24.0,2008-05-27T00:27:55Z,0.06242528216023714,0.08981214323944718,C:\Users\Craig\OneDrive\Desktop\Alnoris BMSx\Data\_extracted\nasa_ames\1. BatteryAgingARC-FY08Q4\B0007.mat
B0007,614,24.0,2008-05-27T21:34:28Z,0.0671426900201505,0.09331350931281934,C:\Users\Craig\OneDrive\Desktop\Alnoris BMSx\Data\_extracted\nasa_ames\1. BatteryAgingARC-FY08Q4\B0007.mat
B0018,1,24.0,2008-07-07T14:43:14Z,0.06515815158455215,0.09555369570022001,C:\Users\Craig\OneDrive\Desktop\Alnoris BMSx\Data\_extracted\nasa_ames\1. BatteryAgingARC-FY08Q4\B0018.mat
B0018,3,24.0,2008-07-07T16:14:05Z,0.06319812376707153,0.10229511275627602,C:\Users\Craig\OneDrive\Desktop\Alnoris BMSx\Data\_extracted\nasa_ames\1. BatteryAgingARC-FY08Q4\B0018.mat
B0018,5,24.0,2008-07-07T21:21:23Z,0.06269644718508349,0.09161902925465781,C:\Users\Craig\OneDrive\Desktop\Alnoris BMSx\Data\_extracted\nasa_ames\1. BatteryAgingARC-FY08Q4\B0018.mat
B0018,7,24.0,2008-07-07T22:51:31Z,0.0626070139256824,0.0946846935443713,C:\Users\Craig\OneDrive\Desktop\Alnoris BMSx\Data\_extracted\nasa_ames\1. BatteryAgingARC-FY08Q4\B0018.mat
B0018,9,24.0,2008-07-08T02:24:25Z,0.06137843058604763,0.09188288246238666,C:\Users\Craig\OneDrive\Desktop\Alnoris BMSx\Data\_extracted\nasa_ames\1. BatteryAgingARC-FY08Q4\B0018.mat
B0018,11,24.0,2008-07-08T03:54:18Z,0.06199882418368678,0.0960700817119328,C:\Users\Craig\OneDrive\Desktop\Alnoris BMSx\Data\_extracted\nasa_ames\1. BatteryAgingARC-FY08Q4\B0018.mat
B0018,13,24.0,2008-07-08T07:27:12Z,0.06133724861449716,0.09141202809622342,C:\Users\Craig\OneDrive\Desktop\Alnoris BMSx\Data\_extracted\nasa_ames\1. BatteryAgingARC-FY08Q4\B0018.mat
B0018,15,24.0,2008-07-08T08:57:01Z,0.06143403300566526,0.09201876447685577,C:\Users\Craig\OneDrive\Desktop\Alnoris BMSx\Data\_extracted\nasa_ames\1. BatteryAgingARC-FY08Q4\B0018.mat
B0018,25,24.0,2008-07-09T10:54:57Z,0.06246407536667202,0.08784495845315991,C:\Users\Craig\OneDrive\Desktop\Alnoris BMSx\Data\_extracted\nasa_ames\1. BatteryAgingARC-FY08Q4\B0018.mat
B0018,27,24.0,2008-07-09T12:24:23Z,0.05911226141914418,0.08989822215265768,C:\Users\Craig\OneDrive\Desktop\Alnoris BMSx\Data\_extracted\nasa_ames\1. BatteryAgingARC-FY08Q4\B0018.mat
B0018,37,24.0,2008-07-11T08:27:23Z,0.06105488892245489,0.08795484250803035,C:\Users\Craig\OneDrive\Desktop\Alnoris BMSx\Data\_extracted\nasa_ames\1. BatteryAgingARC-FY08Q4\B0018.mat
B0018,39,24.0,2008-07-11T09:56:29Z,0.06100929812130678,0.08710663504547878,C:\Users\Craig\OneDrive\Desktop\Alnoris BMSx\Data\_extracted\nasa_ames\1. BatteryAgingARC-FY08Q4\B0018.mat
B0018,49,24.0,2008-07-12T06:13:58Z,0.06064904573360479,0.08754929973933033,C:\Users\Craig\OneDrive\Desktop\Alnoris BMSx\Data\_extracted\nasa_ames\1. BatteryAgingARC-FY08Q4\B0018.mat
B0018,51,24.0,2008-07-12T07:42:35Z,0.06219481868267621,0.08570971190558405,C:\Users\Craig\OneDrive\Desktop\Alnoris BMSx\Data\_extracted\nasa_ames\1. BatteryAgingARC-FY08Q4\B0018.mat
B0018,61,24.0,2008-07-13T02:47:19Z,0.06106479153135479,0.08848482071807108,C:\Users\Craig\OneDrive\Desktop\Alnoris BMSx\Data\_extracted\nasa_ames\1. BatteryAgingARC-FY08Q4\B0018.mat
B0018,63,24.0,2008-07-13T04:15:14Z,0.0595969662678692,0.08684055890192541,C:\Users\Craig\OneDrive\Desktop\Alnoris BMSx\Data\_extracted\nasa_ames\1. BatteryAgingARC-FY08Q4\B0018.mat
B0018,73,24.0,2008-07-15T04:43:00Z,0.06287106178477314,0.08500615970912836,C:\Users\Craig\OneDrive\Desktop\Alnoris BMSx\Data\_extracted\nasa_ames\1. BatteryAgingARC-FY08Q4\B0018.mat
B0018,75,24.0,2008-07-15T06:11:08Z,0.06095075041521759,0.08544326049182116,C:\Users\Craig\OneDrive\Desktop\Alnoris BMSx\Data\_extracted\nasa_ames\1. BatteryAgingARC-FY08Q4\B0018.mat
B0018,85,24.0,2008-07-16T01:13:26Z,0.06279037977354894,0.08611082715769634,C:\Users\Craig\OneDrive\Desktop\Alnoris BMSx\Data\_extracted\nasa_ames\1. BatteryAgingARC-FY08Q4\B0018.mat
B0018,87,24.0,2008-07-16T02:40:58Z,0.062054327669918884,0.0841039159798283,C:\Users\Craig\OneDrive\Desktop\Alnoris BMSx\Data\_extracted\nasa_ames\1. BatteryAgingARC-FY08Q4\B0018.mat
B0018,97,24.0,2008-07-16T21:42:09Z,0.06126874046942329,0.08711286500552247,C:\Users\Craig\OneDrive\Desktop\Alnoris BMSx\Data\_extracted\nasa_ames\1. BatteryAgingARC-FY08Q4\B0018.mat
B0018,99,24.0,2008-07-16T23:09:06Z,0.0627057717757101,0.08381129726407618,C:\Users\Craig\OneDrive\Desktop\Alnoris BMSx\Data\_extracted\nasa_ames\1. BatteryAgingARC-FY08Q4\B0018.mat
B0018,109,24.0,2008-07-19T08:53:42Z,0.060230110173563736,0.0877848925885978,C:\Users\Craig\OneDrive\Desktop\Alnoris BMSx\Data\_extracted\nasa_ames\1. BatteryAgingARC-FY08Q4\B0018.mat
B0018,111,24.0,2008-07-19T10:20:17Z,0.061801794410442104,0.08516278937578788,C:\Users\Craig\OneDrive\Desktop\Alnoris BMSx\Data\_extracted\nasa_ames\1. BatteryAgingARC-FY08Q4\B0018.mat
B0018,125,24.0,2008-07-30T10:47:40Z,0.06335998574164574,0.08600824718099127,C:\Users\Craig\OneDrive\Desktop\Alnoris BMSx\Data\_extracted\nasa_ames\1. BatteryAgingARC-FY08Q4\B0018.mat
B0018,136,24.0,2008-07-31T11:04:34Z,0.06254971088581063,0.0843178209735426,C:\Users\Craig\OneDrive\Desktop\Alnoris BMSx\Data\_extracted\nasa_ames\1. BatteryAgingARC-FY08Q4\B0018.mat
B0018,138,24.0,2008-07-31T23:02:54Z,0.06088396756004627,0.08522512012699898,C:\Users\Craig\OneDrive\Desktop\Alnoris BMSx\Data\_extracted\nasa_ames\1. BatteryAgingARC-FY08Q4\B0018.mat
B0018,148,24.0,2008-08-02T08:55:03Z,0.062318942746054214,0.0859882467642574,C:\Users\Craig\OneDrive\Desktop\Alnoris BMSx\Data\_extracted\nasa_ames\1. BatteryAgingARC-FY08Q4\B0018.mat
B0018,150,24.0,2008-08-02T10:24:31Z,0.0619094323498869,0.08488075014924702,C:\Users\Craig\OneDrive\Desktop\Alnoris BMSx\Data\_extracted\nasa_ames\1. BatteryAgingARC-FY08Q4\B0018.mat
B0018,160,24.0,2008-08-03T05:07:23Z,0.06328841535782422,0.08847320583286679,C:\Users\Craig\OneDrive\Desktop\Alnoris BMSx\Data\_extracted\nasa_ames\1. BatteryAgingARC-FY08Q4\B0018.mat
B0018,162,24.0,2008-08-03T06:35:43Z,0.06244245641291251,0.08553075414412509,C:\Users\Craig\OneDrive\Desktop\Alnoris BMSx\Data\_extracted\nasa_ames\1. BatteryAgingARC-FY08Q4\B0018.mat
B0018,172,24.0,2008-08-04T01:16:52Z,0.06272459952717446,0.09004616962738907,C:\Users\Craig\OneDrive\Desktop\Alnoris BMSx\Data\_extracted\nasa_ames\1. BatteryAgingARC-FY08Q4\B0018.mat
B0018,174,24.0,2008-08-04T02:44:16Z,0.06319723456202592,0.0872013762847039,C:\Users\Craig\OneDrive\Desktop\Alnoris BMSx\Data\_extracted\nasa_ames\1. BatteryAgingARC-FY08Q4\B0018.mat
B0018,185,24.0,2008-08-05T09:19:02Z,0.06332864514547537,0.08797976668527188,C:\Users\Craig\OneDrive\Desktop\Alnoris BMSx\Data\_extracted\nasa_ames\1. BatteryAgingARC-FY08Q4\B0018.mat
B0018,195,24.0,2008-08-06T03:56:03Z,0.06438276069827963,0.09108149736581252,C:\Users\Craig\OneDrive\Desktop\Alnoris BMSx\Data\_extracted\nasa_ames\1. BatteryAgingARC-FY08Q4\B0018.mat
B0018,197,24.0,2008-08-06T05:22:08Z,0.06322621852227772,0.08762970040962542,C:\Users\Craig\OneDrive\Desktop\Alnoris BMSx\Data\_extracted\nasa_ames\1. BatteryAgingARC-FY08Q4\B0018.mat
B0018,207,24.0,2008-08-06T23:55:49Z,0.06275964602343843,0.09224881675419787,C:\Users\Craig\OneDrive\Desktop\Alnoris BMSx\Data\_extracted\nasa_ames\1. BatteryAgingARC-FY08Q4\B0018.mat
B0018,209,24.0,2008-08-07T01:21:18Z,0.06306423201152148,0.08878755046571668,C:\Users\Craig\OneDrive\Desktop\Alnoris BMSx\Data\_extracted\nasa_ames\1. BatteryAgingARC-FY08Q4\B0018.mat
B0018,220,24.0,2008-08-08T11:08:17Z,0.0654312939216661,0.08842632755307295,C:\Users\Craig\OneDrive\Desktop\Alnoris BMSx\Data\_extracted\nasa_ames\1. BatteryAgingARC-FY08Q4\B0018.mat
B0018,230,24.0,2008-08-09T11:05:03Z,0.0640350502034096,0.09164169330042057,C:\Users\Craig\OneDrive\Desktop\Alnoris BMSx\Data\_extracted\nasa_ames\1. BatteryAgingARC-FY08Q4\B0018.mat
B0018,232,24.0,2008-08-09T12:29:58Z,0.06431683619311312,0.08680690256687046,C:\Users\Craig\OneDrive\Desktop\Alnoris BMSx\Data\_extracted\nasa_ames\1. BatteryAgingARC-FY08Q4\B0018.mat
B0018,242,24.0,2008-08-10T06:47:17Z,0.06546443423939434,0.0925002319045349,C:\Users\Craig\OneDrive\Desktop\Alnoris BMSx\Data\_extracted\nasa_ames\1. BatteryAgingARC-FY08Q4\B0018.mat
B0018,244,24.0,2008-08-10T08:11:28Z,0.06545297065463919,0.0888408418585299,C:\Users\Craig\OneDrive\Desktop\Alnoris BMSx\Data\_extracted\nasa_ames\1. BatteryAgingARC-FY08Q4\B0018.mat
B0018,254,24.0,2008-08-11T02:21:28Z,0.06605675981972527,0.09024364278181114,C:\Users\Craig\OneDrive\Desktop\Alnoris BMSx\Data\_extracted\nasa_ames\1. BatteryAgingARC-FY08Q4\B0018.mat
B0018,256,24.0,2008-08-11T03:45:14Z,0.06550914978909368,0.08957234616173203,C:\Users\Craig\OneDrive\Desktop\Alnoris BMSx\Data\_extracted\nasa_ames\1. BatteryAgingARC-FY08Q4\B0018.mat
B0018,267,24.0,2008-08-15T04:52:13Z,0.06602461415916355,0.0893968694708912,C:\Users\Craig\OneDrive\Desktop\Alnoris BMSx\Data\_extracted\nasa_ames\1. BatteryAgingARC-FY08Q4\B0018.mat
B0018,277,24.0,2008-08-15T22:55:12Z,0.06528925688517716,0.0913916544478255,C:\Users\Craig\OneDrive\Desktop\Alnoris BMSx\Data\_extracted\nasa_ames\1. BatteryAgingARC-FY08Q4\B0018.mat
B0018,279,24.0,2008-08-16T00:19:33Z,0.06297327821062598,0.08791100017078796,C:\Users\Craig\OneDrive\Desktop\Alnoris BMSx\Data\_extracted\nasa_ames\1. BatteryAgingARC-FY08Q4\B0018.mat
B0018,289,24.0,2008-08-16T18:43:57Z,0.06516852362411818,0.09570731197373636,C:\Users\Craig\OneDrive\Desktop\Alnoris BMSx\Data\_extracted\nasa_ames\1. BatteryAgingARC-FY08Q4\B0018.mat
B0018,291,24.0,2008-08-16T20:07:19Z,0.0637387678424481,0.09115176519190589,C:\Users\Craig\OneDrive\Desktop\Alnoris BMSx\Data\_extracted\nasa_ames\1. BatteryAgingARC-FY08Q4\B0018.mat
B0018,302,24.0,2008-08-19T06:09:14Z,0.06521856379431411,0.09034871149507483,C:\Users\Craig\OneDrive\Desktop\Alnoris BMSx\Data\_extracted\nasa_ames\1. BatteryAgingARC-FY08Q4\B0018.mat
B0018,312,24.0,2008-08-20T00:11:12Z,0.06590455963486774,0.0920096535708447,C:\Users\Craig\OneDrive\Desktop\Alnoris BMSx\Data\_extracted\nasa_ames\1. BatteryAgingARC-FY08Q4\B0018.mat
B0018,314,24.0,2008-08-20T01:34:44Z,0.06606850271516486,0.08895885074391789,C:\Users\Craig\OneDrive\Desktop\Alnoris BMSx\Data\_extracted\nasa_ames\1. BatteryAgingARC-FY08Q4\B0018.mat
B0025,0,24.0,2009-02-13T19:03:52Z,0.05064225689246009,0.10592230651613348,C:\Users\Craig\OneDrive\Desktop\Alnoris BMSx\Data\_extracted\nasa_ames\3. BatteryAgingARC_25-44\B0025.mat
B0025,2,24.0,2009-02-13T22:40:45Z,0.05049806868976536,0.07744323134663625,C:\Users\Craig\OneDrive\Desktop\Alnoris BMSx\Data\_extracted\nasa_ames\3. BatteryAgingARC_25-44\B0025.mat
B0025,12,24.0,2009-02-14T20:28:47Z,0.05049250288777564,0.08968889697268458,C:\Users\Craig\OneDrive\Desktop\Alnoris BMSx\Data\_extracted\nasa_ames\3. BatteryAgingARC_25-44\B0025.mat
B0025,14,24.0,2009-02-15T00:05:09Z,0.04870785604053997,0.07363349920087561,C:\Users\Craig\OneDrive\Desktop\Alnoris BMSx\Data\_extracted\nasa_ames\3. BatteryAgingARC_25-44\B0025.mat
B0025,16,24.0,2009-02-18T12:41:09Z,0.04862113536419417,0.08572662250786982,C:\Users\Craig\OneDrive\Desktop\Alnoris BMSx\Data\_extracted\nasa_ames\3. BatteryAgingARC_25-44\B0025.mat
B0025,18,24.0,2009-02-18T16:17:23Z,0.04828042597969788,0.0721569924368534,C:\Users\Craig\OneDrive\Desktop\Alnoris BMSx\Data\_extracted\nasa_ames\3. BatteryAgingARC_25-44\B0025.mat
B0025,27,24.0,2009-02-19T12:18:04Z,0.04837169138841439,0.0796912200200623,C:\Users\Craig\OneDrive\Desktop\Alnoris BMSx\Data\_extracted\nasa_ames\3. BatteryAgingARC_25-44\B0025.mat
B0025,29,24.0,2009-02-19T15:50:59Z,0.048783947573537365,0.07116933387013606,C:\Users\Craig\OneDrive\Desktop\Alnoris BMSx\Data\_extracted\nasa_ames\3. BatteryAgingARC_25-44\B0025.mat
B0025,31,24.0,2009-02-20T11:37:00Z,0.047978749761169254,0.08058896691232123,C:\Users\Craig\OneDrive\Desktop\Alnoris BMSx\Data\_extracted\nasa_ames\3. BatteryAgingARC_25-44\B0025.mat
B0025,33,24.0,2009-02-20T15:11:41Z,0.04761134038978747,0.07008007271526831,C:\Users\Craig\OneDrive\Desktop\Alnoris BMSx\Data\_extracted\nasa_ames\3. BatteryAgingARC_25-44\B0025.mat
B0025,43,24.0,2009-02-21T12:34:32Z,0.04665952944367001,0.07627346177245174,C:\Users\Craig\OneDrive\Desktop\Alnoris BMSx\Data\_extracted\nasa_ames\3. BatteryAgingARC_25-44\B0025.mat
B0025,45,24.0,2009-02-21T16:10:34Z,0.04782783143571519,0.06953409424915814,C:\Users\Craig\OneDrive\Desktop\Alnoris BMSx\Data\_extracted\nasa_ames\3. BatteryAgingARC_25-44\B0025.mat
B0025,47,24.0,2009-03-02T18:20:41Z,0.05043542021280242,0.08262757791733341,C:\Users\Craig\OneDrive\Desktop\Alnoris BMSx\Data\_extracted\nasa_ames\3. BatteryAgingARC_25-44\B0025.mat
B0025,49,24.0,2009-03-02T21:48:00Z,0.048715102182355724,0.0704168042049264,C:\Users\Craig\OneDrive\Desktop\Alnoris BMSx\Data\_extracted\nasa_ames\3. BatteryAgingARC_25-44\B0025.mat
B0025,59,24.0,2009-03-03T18:49:37Z,0.04885267503596435,0.07841196031734854,C:\Users\Craig\OneDrive\Desktop\Alnoris BMSx\Data\_extracted\nasa_ames\3. BatteryAgingARC_25-44\B0025.mat
B0025,61,24.0,2009-03-03T22:22:05Z,0.04934938710245162,0.06938371459194762,C:\Users\Craig\OneDrive\Desktop\Alnoris BMSx\Data\_extracted\nasa_ames\3. BatteryAgingARC_25-44\B0025.mat
B0025,62,24.0,2009-03-05T15:25:53Z,0.04796792392672785,0.06497172459905518,C:\Users\Craig\OneDrive\Desktop\Alnoris BMSx\Data\_extracted\nasa_ames\3. BatteryAgingARC_25-44\B0025.mat
B0025,64,24.0,2009-03-05T18:08:32Z,0.04842836093081604,0.07150751057033007,C:\Users\Craig\OneDrive\Desktop\Alnoris BMSx\Data\_extracted\nasa_ames\3. BatteryAgingARC_25-44\B0025.mat
B0025,74,24.0,2009-03-06T15:10:41Z,0.04856141926788811,0.07728540519082959,C:\Users\Craig\OneDrive\Desktop\Alnoris BMSx\Data\_extracted\nasa_ames\3. BatteryAgingARC_25-44\B0025.mat
B0025,76,24.0,2009-03-06T18:44:22Z,0.04785330606425702,0.06903926932921352,C:\Users\Craig\OneDrive\Desktop\Alnoris BMSx\Data\_extracted\nasa_ames\3. BatteryAgingARC_25-44\B0025.mat
B0025,78,24.0,2009-03-19T12:23:39Z,0.04966087070085884,0.08244546715154538,C:\Users\Craig\OneDrive\Desktop\Alnoris BMSx\Data\_extracted\nasa_ames\3. BatteryAgingARC_25-44\B0025.mat
B0026,0,24.0,2009-02-13T19:03:52Z,0.0927177470818637,0.1378722191002069,C:\Users\Craig\OneDrive\Desktop\Alnoris BMSx\Data\_extracted\nasa_ames\3. BatteryAgingARC_25-44\B0026.mat
B0026,2,24.0,2009-02-13T22:40:45Z,0.09120758117267147,0.11624466028643005,C:\Users\Craig\OneDrive\Desktop\Alnoris BMSx\Data\_extracted\nasa_ames\3. BatteryAgingARC_25-44\B0026.mat
B0026,12,24.0,2009-02-14T20:28:47Z,0.0903849200942508,0.12293741459034775,C:\Users\Craig\OneDrive\Desktop\Alnoris BMSx\Data\_extracted\nasa_ames\3. BatteryAgingARC_25-44\B0026.mat
B0026,14,24.0,2009-02-15T00:05:09Z,0.09016919399025383,0.11019861595863156,C:\Users\Craig\OneDrive\Desktop\Alnoris BMSx\Data\_extracted\nasa_ames\3. BatteryAgingARC_25-44\B0026.mat
B0026,16,24.0,2009-02-18T12:41:09Z,0.09063718486075122,0.12359070481220745,C:\Users\Craig\OneDrive\Desktop\Alnoris BMSx\Data\_extracted\nasa_ames\3. BatteryAgingARC_25-44\B0026.mat
B0026,18,24.0,2009-02-18T16:17:23Z,0.09073013455154422,0.11152985344962243,C:\Users\Craig\OneDrive\Desktop\Alnoris BMSx\Data\_extracted\nasa_ames\3. BatteryAgingARC_25-44\B0026.mat
B0026,27,24.0,2009-02-19T12:18:04Z,0.08977608029142928,0.1181427746110193,C:\Users\Craig\OneDrive\Desktop\Alnoris BMSx\Data\_extracted\nasa_ames\3. BatteryAgingARC_25-44\B0026.mat
B0026,29,24.0,2009-02-19T15:50:59Z,0.09024854805901428,0.11023305814454701,C:\Users\Craig\OneDrive\Desktop\Alnoris BMSx\Data\_extracted\nasa_ames\3. BatteryAgingARC_25-44\B0026.mat
B0026,31,24.0,2009-02-20T11:37:00Z,0.09000656314970815,0.12089716577827994,C:\Users\Craig\OneDrive\Desktop\Alnoris BMSx\Data\_extracted\nasa_ames\3. BatteryAgingARC_25-44\B0026.mat
B0026,33,24.0,2009-02-20T15:11:41Z,0.08961506170632062,0.10904947198823743,C:\Users\Craig\OneDrive\Desktop\Alnoris BMSx\Data\_extracted\nasa_ames\3. BatteryAgingARC_25-44\B0026.mat
B0026,43,24.0,2009-02-21T12:34:32Z,0.0894680838191281,0.11633212050124012,C:\Users\Craig\OneDrive\Desktop\Alnoris BMSx\Data\_extracted\nasa_ames\3. BatteryAgingARC_25-44\B0026.mat
B0026,45,24.0,2009-02-21T16:10:34Z,0.08943811638582581,0.10870083021564407,C:\Users\Craig\OneDrive\Desktop\Alnoris BMSx\Data\_extracted\nasa_ames\3. BatteryAgingARC_25-44\B0026.mat
B0026,47,24.0,2009-03-02T18:20:41Z,0.09070734698716276,0.11828423048885853,C:\Users\Craig\OneDrive\Desktop\Alnoris BMSx\Data\_extracted\nasa_ames\3. BatteryAgingARC_25-44\B0026.mat
B0026,49,24.0,2009-03-02T21:48:00Z,0.0898555538406385,0.10908184192931704,C:\Users\Craig\OneDrive\Desktop\Alnoris BMSx\Data\_extracted\nasa_ames\3. BatteryAgingARC_25-44\B0026.mat
B0026,59,24.0,2009-03-03T18:49:37Z,0.08987378304228023,0.11473899449846424,C:\Users\Craig\OneDrive\Desktop\Alnoris BMSx\Data\_extracted\nasa_ames\3. BatteryAgingARC_25-44\B0026.mat
B0026,61,24.0,2009-03-03T22:22:05Z,0.09006540943491714,0.1085513280011445,C:\Users\Craig\OneDrive\Desktop\Alnoris BMSx\Data\_extracted\nasa_ames\3. BatteryAgingARC_25-44\B0026.mat
B0026,62,24.0,2009-03-05T15:25:53Z,0.08817190653135362,0.10415408021345504,C:\Users\Craig\OneDrive\Desktop\Alnoris BMSx\Data\_extracted\nasa_ames\3. BatteryAgingARC_25-44\B0026.mat
B0026,64,24.0,2009-03-05T18:08:32Z,0.0894500574420642,0.109309064317628,C:\Users\Craig\OneDrive\Desktop\Alnoris BMSx\Data\_extracted\nasa_ames\3. BatteryAgingARC_25-44\B0026.mat
B0026,74,24.0,2009-03-06T15:10:41Z,0.09016257982157298,0.11582678352142962,C:\Users\Craig\OneDrive\Desktop\Alnoris BMSx\Data\_extracted\nasa_ames\3. BatteryAgingARC_25-44\B0026.mat
B0026,76,24.0,2009-03-06T18:44:22Z,0.0894079114965533,0.1093666292348382,C:\Users\Craig\OneDrive\Desktop\Alnoris BMSx\Data\_extracted\nasa_ames\3. BatteryAgingARC_25-44\B0026.mat
B0026,78,24.0,2009-03-19T12:23:39Z,0.09038899546557286,0.1176756750010452,C:\Users\Craig\OneDrive\Desktop\Alnoris BMSx\Data\_extracted\nasa_ames\3. BatteryAgingARC_25-44\B0026.mat
B0027,0,24.0,2009-02-13T19:03:52Z,0.09083977652848653,0.13916678457699339,C:\Users\Craig\OneDrive\Desktop\Alnoris BMSx\Data\_extracted\nasa_ames\3. BatteryAgingARC_25-44\B0027.mat
B0027,2,24.0,2009-02-13T22:40:45Z,0.08548334496231348,0.10951475800649675,C:\Users\Craig\OneDrive\Desktop\Alnoris BMSx\Data\_extracted\nasa_ames\3. BatteryAgingARC_25-44\B0027.mat
B0027,12,24.0,2009-02-14T20:28:47Z,0.10430175873238276,0.13933571321110994,C:\Users\Craig\OneDrive\Desktop\Alnoris BMSx\Data\_extracted\nasa_ames\3. BatteryAgingARC_25-44\B0027.mat
B0027,14,24.0,2009-02-15T00:05:09Z,0.10722143543383592,0.12781962527504584,C:\Users\Craig\OneDrive\Desktop\Alnoris BMSx\Data\_extracted\nasa_ames\3. BatteryAgingARC_25-44\B0027.mat
B0027,16,24.0,2009-02-18T12:41:09Z,0.10215123481848788,0.1315859833314424,C:\Users\Craig\OneDrive\Desktop\Alnoris BMSx\Data\_extracted\nasa_ames\3. BatteryAgingARC_25-44\B0027.mat
B0027,18,24.0,2009-02-18T16:17:23Z,0.1027691804948317,0.12417436960819862,C:\Users\Craig\OneDrive\Desktop\Alnoris BMSx\Data\_extracted\nasa_ames\3. BatteryAgingARC_25-44\B0027.mat
B0027,27,24.0,2009-02-19T12:18:04Z,0.104316046072662,0.13221097682558847,C:\Users\Craig\OneDrive\Desktop\Alnoris BMSx\Data\_extracted\nasa_ames\3. BatteryAgingARC_25-44\B0027.mat
B0027,29,24.0,2009-02-19T15:50:59Z,0.10381157988903182,0.12316169005521234,C:\Users\Craig\OneDrive\Desktop\Alnoris BMSx\Data\_extracted\nasa_ames\3. BatteryAgingARC_25-44\B0027.mat
B0027,31,24.0,2009-02-20T11:37:00Z,0.09958450692087609,0.1293833807517887,C:\Users\Craig\OneDrive\Desktop\Alnoris BMSx\Data\_extracted\nasa_ames\3. BatteryAgingARC_25-44\B0027.mat
B0027,33,24.0,2009-02-20T15:11:41Z,0.09980355533822587,0.12056516008219019,C:\Users\Craig\OneDrive\Desktop\Alnoris BMSx\Data\_extracted\nasa_ames\3. BatteryAgingARC_25-44\B0027.mat
B0027,43,24.0,2009-02-21T12:34:32Z,0.0980191511803865,0.1256104991986903,C:\Users\Craig\OneDrive\Desktop\Alnoris BMSx\Data\_extracted\nasa_ames\3. BatteryAgingARC_25-44\B0027.mat
B0027,45,24.0,2009-02-21T16:10:34Z,0.09950680341665902,0.1197168984297459,C:\Users\Craig\OneDrive\Desktop\Alnoris BMSx\Data\_extracted\nasa_ames\3. BatteryAgingARC_25-44\B0027.mat
B0027,47,24.0,2009-03-02T18:20:41Z,0.09871074461790616,0.1239497992107127,C:\Users\Craig\OneDrive\Desktop\Alnoris BMSx\Data\_extracted\nasa_ames\3. BatteryAgingARC_25-44\B0027.mat
B0027,49,24.0,2009-03-02T21:48:00Z,0.10018545677097014,0.11938631622478073,C:\Users\Craig\OneDrive\Desktop\Alnoris BMSx\Data\_extracted\nasa_ames\3. BatteryAgingARC_25-44\B0027.mat
B0027,59,24.0,2009-03-03T18:49:37Z,0.09821473955295443,0.12600317424850244,C:\Users\Craig\OneDrive\Desktop\Alnoris BMSx\Data\_extracted\nasa_ames\3. BatteryAgingARC_25-44\B0027.mat
B0027,61,24.0,2009-03-03T22:22:05Z,0.0977040528101169,0.11721661093382099,C:\Users\Craig\OneDrive\Desktop\Alnoris BMSx\Data\_extracted\nasa_ames\3. BatteryAgingARC_25-44\B0027.mat
B0027,62,24.0,2009-03-05T15:25:53Z,0.09634909799632395,0.11435722029540347,C:\Users\Craig\OneDrive\Desktop\Alnoris BMSx\Data\_extracted\nasa_ames\3. BatteryAgingARC_25-44\B0027.mat
B0027,64,24.0,2009-03-05T18:08:32Z,0.09755612281440681,0.11844508949428006,C:\Users\Craig\OneDrive\Desktop\Alnoris BMSx\Data\_extracted\nasa_ames\3. BatteryAgingARC_25-44\B0027.mat
B0027,74,24.0,2009-03-06T15:10:41Z,0.0965391814140092,0.1267597829642833,C:\Users\Craig\OneDrive\Desktop\Alnoris BMSx\Data\_extracted\nasa_ames\3. BatteryAgingARC_25-44\B0027.mat
B0027,76,24.0,2009-03-06T18:44:22Z,0.0999652631237503,0.119612265698934,C:\Users\Craig\OneDrive\Desktop\Alnoris BMSx\Data\_extracted\nasa_ames\3. BatteryAgingARC_25-44\B0027.mat
B0027,78,24.0,2009-03-19T12:23:39Z,0.09969227191464992,0.1248543133814611,C:\Users\Craig\OneDrive\Desktop\Alnoris BMSx\Data\_extracted\nasa_ames\3. BatteryAgingARC_25-44\B0027.mat
B0028,0,24.0,2009-02-13T19:03:52Z,0.08141136501428463,0.13435294061149733,C:\Users\Craig\OneDrive\Desktop\Alnoris BMSx\Data\_extracted\nasa_ames\3. BatteryAgingARC_25-44\B0028.mat
B0028,2,24.0,2009-02-13T22:40:45Z,0.08176458673559299,0.10682087072021014,C:\Users\Craig\OneDrive\Desktop\Alnoris BMSx\Data\_extracted\nasa_ames\3. BatteryAgingARC_25-44\B0028.mat
B0028,12,24.0,2009-02-14T20:28:47Z,0.0808258053141002,0.121797260168767,C:\Users\Craig\OneDrive\Desktop\Alnoris BMSx\Data\_extracted\nasa_ames\3. BatteryAgingARC_25-44\B0028.mat
B0028,14,24.0,2009-02-15T00:05:09Z,0.08049755262582456,0.10171699274990839,C:\Users\Craig\OneDrive\Desktop\Alnoris BMSx\Data\_extracted\nasa_ames\3. BatteryAgingARC_25-44\B0028.mat
B0028,16,24.0,2009-02-18T12:41:09Z,0.07999808984375359,0.11499739391717384,C:\Users\Craig\OneDrive\Desktop\Alnoris BMSx\Data\_extracted\nasa_ames\3. BatteryAgingARC_25-44\B0028.mat
B0028,18,24.0,2009-02-18T16:17:23Z,0.07921399064492479,0.10231508026191471,C:\Users\Craig\OneDrive\Desktop\Alnoris BMSx\Data\_extracted\nasa_ames\3. BatteryAgingARC_25-44\B0028.mat
B0028,27,24.0,2009-02-19T12:18:04Z,0.08024079983592583,0.11464434041763144,C:\Users\Craig\OneDrive\Desktop\Alnoris BMSx\Data\_extracted\nasa_ames\3. BatteryAgingARC_25-44\B0028.mat
B0028,29,24.0,2009-02-19T15:50:59Z,0.07886642794998196,0.1014191126510086,C:\Users\Craig\OneDrive\Desktop\Alnoris BMSx\Data\_extracted\nasa_ames\3. BatteryAgingARC_25-44\B0028.mat
B0028,31,24.0,2009-02-20T11:37:00Z,0.07929841816780661,0.11507631401626708,C:\Users\Craig\OneDrive\Desktop\Alnoris BMSx\Data\_extracted\nasa_ames\3. BatteryAgingARC_25-44\B0028.mat
B0028,33,24.0,2009-02-20T15:11:41Z,0.07802684371863831,0.09966656037192485,C:\Users\Craig\OneDrive\Desktop\Alnoris BMSx\Data\_extracted\nasa_ames\3. BatteryAgingARC_25-44\B0028.mat
B0028,43,24.0,2009-02-21T12:34:32Z,0.08031530605845097,0.11179893683290254,C:\Users\Craig\OneDrive\Desktop\Alnoris BMSx\Data\_extracted\nasa_ames\3. BatteryAgingARC_25-44\B0028.mat
B0028,45,24.0,2009-02-21T16:10:34Z,0.07875491507561636,0.10011466012346665,C:\Users\Craig\OneDrive\Desktop\Alnoris BMSx\Data\_extracted\nasa_ames\3. BatteryAgingARC_25-44\B0028.mat
B0028,47,24.0,2009-03-02T18:20:41Z,0.081972677815941,0.1078622382729115,C:\Users\Craig\OneDrive\Desktop\Alnoris BMSx\Data\_extracted\nasa_ames\3. BatteryAgingARC_25-44\B0028.mat
B0028,49,24.0,2009-03-02T21:48:00Z,0.0801951045701426,0.10073699416293035,C:\Users\Craig\OneDrive\Desktop\Alnoris BMSx\Data\_extracted\nasa_ames\3. BatteryAgingARC_25-44\B0028.mat
B0028,59,24.0,2009-03-03T18:49:37Z,0.0798330864540462,0.11018428491967498,C:\Users\Craig\OneDrive\Desktop\Alnoris BMSx\Data\_extracted\nasa_ames\3. BatteryAgingARC_25-44\B0028.mat
B0028,61,24.0,2009-03-03T22:22:05Z,0.0802952194953975,0.10026582550437207,C:\Users\Craig\OneDrive\Desktop\Alnoris BMSx\Data\_extracted\nasa_ames\3. BatteryAgingARC_25-44\B0028.mat
B0028,62,24.0,2009-03-05T15:25:53Z,0.0794938925264985,0.09771330178178547,C:\Users\Craig\OneDrive\Desktop\Alnoris BMSx\Data\_extracted\nasa_ames\3. BatteryAgingARC_25-44\B0028.mat
B0028,64,24.0,2009-03-05T18:08:32Z,0.07949915339953288,0.10186179380196737,C:\Users\Craig\OneDrive\Desktop\Alnoris BMSx\Data\_extracted\nasa_ames\3. BatteryAgingARC_25-44\B0028.mat
B0028,74,24.0,2009-03-06T15:10:41Z,0.08010920559198015,0.11308909362146788,C:\Users\Craig\OneDrive\Desktop\Alnoris BMSx\Data\_extracted\nasa_ames\3. BatteryAgingARC_25-44\B0028.mat
B0028,76,24.0,2009-03-06T18:44:22Z,0.08031037805229317,0.10093533112866111,C:\Users\Craig\OneDrive\Desktop\Alnoris BMSx\Data\_extracted\nasa_ames\3. BatteryAgingARC_25-44\B0028.mat
B0028,78,24.0,2009-03-19T12:23:39Z,0.07970222029917101,0.11372273509721359,C:\Users\Craig\OneDrive\Desktop\Alnoris BMSx\Data\_extracted\nasa_ames\3. BatteryAgingARC_25-44\B0028.mat
B0029,0,43.0,2009-04-07T15:59:18Z,0.02834045552997675,0.044702257716667325,C:\Users\Craig\OneDrive\Desktop\Alnoris BMSx\Data\_extracted\nasa_ames\3. BatteryAgingARC_25-44\B0029.mat
B0029,10,43.0,2009-04-08T05:56:52Z,0.027799933820267582,0.04097831371663723,C:\Users\Craig\OneDrive\Desktop\Alnoris BMSx\Data\_extracted\nasa_ames\3. BatteryAgingARC_25-44\B0029.mat
B0029,12,43.0,2009-04-08T09:17:02Z,0.02814132119972847,0.03954262418162729,C:\Users\Craig\OneDrive\Desktop\Alnoris BMSx\Data\_extracted\nasa_ames\3. BatteryAgingARC_25-44\B0029.mat
B0029,22,43.0,2009-04-09T23:31:02Z,0.028695045533473497,0.04030237516698406,C:\Users\Craig\OneDrive\Desktop\Alnoris BMSx\Data\_extracted\nasa_ames\3. BatteryAgingARC_25-44\B0029.mat
B0029,24,43.0,2009-04-10T02:48:41Z,0.028862176890309586,0.03974093563379893,C:\Users\Craig\OneDrive\Desktop\Alnoris BMSx\Data\_extracted\nasa_ames\3. BatteryAgingARC_25-44\B0029.mat
B0029,34,43.0,2009-04-11T01:40:51Z,0.028229387375879742,0.041443692047855835,C:\Users\Craig\OneDrive\Desktop\Alnoris BMSx\Data\_extracted\nasa_ames\3. BatteryAgingARC_25-44\B0029.mat
B0029,36,43.0,2009-04-11T04:55:36Z,0.02829375396231879,0.03991689466131403,C:\Users\Craig\OneDrive\Desktop\Alnoris BMSx\Data\_extracted\nasa_ames\3. BatteryAgingARC_25-44\B0029.mat
B0029,46,43.0,2009-04-13T22:42:05Z,0.02861301461538251,0.04155896609671493,C:\Users\Craig\OneDrive\Desktop\Alnoris BMSx\Data\_extracted\nasa_ames\3. BatteryAgingARC_25-44\B0029.mat
B0029,48,43.0,2009-04-14T01:55:15Z,0.02799948462674519,0.040024621918431674,C:\Users\Craig\OneDrive\Desktop\Alnoris BMSx\Data\_extracted\nasa_ames\3. BatteryAgingARC_25-44\B0029.mat
B0029,58,43.0,2009-04-14T23:17:53Z,0.0278705700225645,0.04042561027408763,C:\Users\Craig\OneDrive\Desktop\Alnoris BMSx\Data\_extracted\nasa_ames\3. BatteryAgingARC_25-44\B0029.mat
B0029,60,43.0,2009-04-15T02:29:53Z,0.028154278380978896,0.0403131169157872,C:\Users\Craig\OneDrive\Desktop\Alnoris BMSx\Data\_extracted\nasa_ames\3. BatteryAgingARC_25-44\B0029.mat
B0029,70,43.0,2009-04-16T03:38:19Z,0.027189284962487115,0.040692795471203344,C:\Users\Craig\OneDrive\Desktop\Alnoris BMSx\Data\_extracted\nasa_ames\3. BatteryAgingARC_25-44\B0029.mat
B0029,72,43.0,2009-04-16T06:50:32Z,0.02764501503660695,0.04095143890776487,C:\Users\Craig\OneDrive\Desktop\Alnoris BMSx\Data\_extracted\nasa_ames\3. BatteryAgingARC_25-44\B0029.mat
B0029,82,43.0,2009-04-16T22:48:37Z,0.027050163015499288,0.04082422233251372,C:\Users\Craig\OneDrive\Desktop\Alnoris BMSx\Data\_extracted\nasa_ames\3. BatteryAgingARC_25-44\B0029.mat
B0029,84,43.0,2009-04-17T02:02:02Z,0.028256362038714906,0.040573024202236345,C:\Users\Craig\OneDrive\Desktop\Alnoris BMSx\Data\_extracted\nasa_ames\3. BatteryAgingARC_25-44\B0029.mat
B0029,94,43.0,2009-04-17T22:17:27Z,0.0282771401308053,0.041414871228234076,C:\Users\Craig\OneDrive\Desktop\Alnoris BMSx\Data\_extracted\nasa_ames\3. BatteryAgingARC_25-44\B0029.mat
B0029,96,43.0,2009-04-18T01:29:13Z,0.02816890978226904,0.04119568604095505,C:\Users\Craig\OneDrive\Desktop\Alnoris BMSx\Data\_extracted\nasa_ames\3. BatteryAgingARC_25-44\B0029.mat
B0030,0,43.0,2009-04-07T15:59:18Z,0.06341817961720268,0.07725939357478039,C:\Users\Craig\OneDrive\Desktop\Alnoris BMSx\Data\_extracted\nasa_ames\3. BatteryAgingARC_25-44\B0030.mat
B0030,10,43.0,2009-04-08T05:56:52Z,0.0638928078833113,0.07521405217956277,C:\Users\Craig\OneDrive\Desktop\Alnoris BMSx\Data\_extracted\nasa_ames\3. BatteryAgingARC_25-44\B0030.mat
B0030,12,43.0,2009-04-08T09:17:02Z,0.06427566383885815,0.07408673981758777,C:\Users\Craig\OneDrive\Desktop\Alnoris BMSx\Data\_extracted\nasa_ames\3. BatteryAgingARC_25-44\B0030.mat
B0030,22,43.0,2009-04-09T23:31:02Z,0.06393274669934441,0.0745432796511054,C:\Users\Craig\OneDrive\Desktop\Alnoris BMSx\Data\_extracted\nasa_ames\3. BatteryAgingARC_25-44\B0030.mat
B0030,24,43.0,2009-04-10T02:48:41Z,0.06445346781860445,0.07455269513553386,C:\Users\Craig\OneDrive\Desktop\Alnoris BMSx\Data\_extracted\nasa_ames\3. BatteryAgingARC_25-44\B0030.mat
B0030,34,43.0,2009-04-11T01:40:51Z,0.06407076413759338,0.07483901509330729,C:\Users\Craig\OneDrive\Desktop\Alnoris BMSx\Data\_extracted\nasa_ames\3. BatteryAgingARC_25-44\B0030.mat
B0030,36,43.0,2009-04-11T04:55:36Z,0.06376941778874191,0.07438392282077115,C:\Users\Craig\OneDrive\Desktop\Alnoris BMSx\Data\_extracted\nasa_ames\3. BatteryAgingARC_25-44\B0030.mat
B0030,46,43.0,2009-04-13T22:42:05Z,0.0639508848088192,0.0761038951866042,C:\Users\Craig\OneDrive\Desktop\Alnoris BMSx\Data\_extracted\nasa_ames\3. BatteryAgingARC_25-44\B0030.mat
B0030,48,43.0,2009-04-14T01:55:15Z,0.06529915449095779,0.07518155822357857,C:\Users\Craig\OneDrive\Desktop\Alnoris BMSx\Data\_extracted\nasa_ames\3. BatteryAgingARC_25-44\B0030.mat
B0030,58,43.0,2009-04-14T23:17:53Z,0.06324967419010744,0.07469916657193398,C:\Users\Craig\OneDrive\Desktop\Alnoris BMSx\Data\_extracted\nasa_ames\3. BatteryAgingARC_25-44\B0030.mat
B0030,60,43.0,2009-04-15T02:29:53Z,0.06432927937109631,0.07502675253600474,C:\Users\Craig\OneDrive\Desktop\Alnoris BMSx\Data\_extracted\nasa_ames\3. BatteryAgingARC_25-44\B0030.mat
B0030,70,43.0,2009-04-16T03:38:19Z,0.06391929020670338,0.07501384981260485,C:\Users\Craig\OneDrive\Desktop\Alnoris BMSx\Data\_extracted\nasa_ames\3. BatteryAgingARC_25-44\B0030.mat
B0030,72,43.0,2009-04-16T06:50:32Z,0.06505925076919551,0.0758066987043015,C:\Users\Craig\OneDrive\Desktop\Alnoris BMSx\Data\_extracted\nasa_ames\3. BatteryAgingARC_25-44\B0030.mat
B0030,82,43.0,2009-04-16T22:48:37Z,0.0642870853868887,0.07634281756178869,C:\Users\Craig\OneDrive\Desktop\Alnoris BMSx\Data\_extracted\nasa_ames\3. BatteryAgingARC_25-44\B0030.mat
B0030,84,43.0,2009-04-17T02:02:02Z,0.0646845036378087,0.07570453758391643,C:\Users\Craig\OneDrive\Desktop\Alnoris BMSx\Data\_extracted\nasa_ames\3. BatteryAgingARC_25-44\B0030.mat
B0030,94,43.0,2009-04-17T22:17:27Z,0.06397958491992761,0.07510899212924504,C:\Users\Craig\OneDrive\Desktop\Alnoris BMSx\Data\_extracted\nasa_ames\3. BatteryAgingARC_25-44\B0030.mat
B0030,96,43.0,2009-04-18T01:29:13Z,0.06461539153738693,0.07534304021675395,C:\Users\Craig\OneDrive\Desktop\Alnoris BMSx\Data\_extracted\nasa_ames\3. BatteryAgingARC_25-44\B0030.mat
B0031,0,43.0,2009-04-07T15:59:18Z,0.040124519949728245,0.05376303915907888,C:\Users\Craig\OneDrive\Desktop\Alnoris BMSx\Data\_extracted\nasa_ames\3. BatteryAgingARC_25-44\B0031.mat
B0031,10,43.0,2009-04-08T05:56:52Z,0.040842642204731994,0.05303523438627229,C:\Users\Craig\OneDrive\Desktop\Alnoris BMSx\Data\_extracted\nasa_ames\3. BatteryAgingARC_25-44\B0031.mat
B0031,12,43.0,2009-04-08T09:17:02Z,0.04071872914330263,0.05112679599630773,C:\Users\Craig\OneDrive\Desktop\Alnoris BMSx\Data\_extracted\nasa_ames\3. BatteryAgingARC_25-44\B0031.mat
B0031,22,43.0,2009-04-09T23:31:02Z,0.04035159218032749,0.05218954533068119,C:\Users\Craig\OneDrive\Desktop\Alnoris BMSx\Data\_extracted\nasa_ames\3. BatteryAgingARC_25-44\B0031.mat
B0031,24,43.0,2009-04-10T02:48:41Z,0.040699218806419864,0.05064332514877689,C:\Users\Craig\OneDrive\Desktop\Alnoris BMSx\Data\_extracted\nasa_ames\3. BatteryAgingARC_25-44\B0031.mat
B0031,34,43.0,2009-04-11T01:40:51Z,0.040231843280723004,0.05154268955180202,C:\Users\Craig\OneDrive\Desktop\Alnoris BMSx\Data\_extracted\nasa_ames\3. BatteryAgingARC_25-44\B0031.mat
B0031,36,43.0,2009-04-11T04:55:36Z,0.04050549867334228,0.05069726653866528,C:\Users\Craig\OneDrive\Desktop\Alnoris BMSx\Data\_extracted\nasa_ames\3. BatteryAgingARC_25-44\B0031.mat
B0031,46,43.0,2009-04-13T22:42:05Z,0.039998379850026945,0.05163650328317452,C:\Users\Craig\OneDrive\Desktop\Alnoris BMSx\Data\_extracted\nasa_ames\3. BatteryAgingARC_25-44\B0031.mat
B0031,48,43.0,2009-04-14T01:55:15Z,0.04061141826029614,0.05008697982671967,C:\Users\Craig\OneDrive\Desktop\Alnoris BMSx\Data\_extracted\nasa_ames\3. BatteryAgingARC_25-44\B0031.mat
B0031,58,43.0,2009-04-14T23:17:53Z,0.0397875885519823,0.0521230795031729,C:\Users\Craig\OneDrive\Desktop\Alnoris BMSx\Data\_extracted\nasa_ames\3. BatteryAgingARC_25-44\B0031.mat
B0031,60,43.0,2009-04-15T02:29:53Z,0.04172653964351383,0.051916795792559825,C:\Users\Craig\OneDrive\Desktop\Alnoris BMSx\Data\_extracted\nasa_ames\3. BatteryAgingARC_25-44\B0031.mat
B0031,70,43.0,2009-04-16T03:38:19Z,0.03914323955969552,0.05158925047993752,C:\Users\Craig\OneDrive\Desktop\Alnoris BMSx\Data\_extracted\nasa_ames\3. BatteryAgingARC_25-44\B0031.mat
B0031,72,43.0,2009-04-16T06:50:32Z,0.040710936218643606,0.05094793623556071,C:\Users\Craig\OneDrive\Desktop\Alnoris BMSx\Data\_extracted\nasa_ames\3. BatteryAgingARC_25-44\B0031.mat
B0031,82,43.0,2009-04-16T22:48:37Z,0.039289080646391056,0.05116192625261465,C:\Users\Craig\OneDrive\Desktop\Alnoris BMSx\Data\_extracted\nasa_ames\3. BatteryAgingARC_25-44\B0031.mat
B0031,84,43.0,2009-04-17T02:02:02Z,0.04079363409442219,0.05103113271210534,C:\Users\Craig\OneDrive\Desktop\Alnoris BMSx\Data\_extracted\nasa_ames\3. BatteryAgingARC_25-44\B0031.mat
B0031,94,43.0,2009-04-17T22:17:27Z,0.04130673444529356,0.05289127679467926,C:\Users\Craig\OneDrive\Desktop\Alnoris BMSx\Data\_extracted\nasa_ames\3. BatteryAgingARC_25-44\B0031.mat
B0031,96,43.0,2009-04-18T01:29:13Z,0.040724137674663326,0.05065160968263164,C:\Users\Craig\OneDrive\Desktop\Alnoris BMSx\Data\_extracted\nasa_ames\3. BatteryAgingARC_25-44\B0031.mat
B0032,0,43.0,2009-04-07T15:59:18Z,0.07066451610132236,0.07945025753959979,C:\Users\Craig\OneDrive\Desktop\Alnoris BMSx\Data\_extracted\nasa_ames\3. BatteryAgingARC_25-44\B0032.mat
B0032,10,43.0,2009-04-08T05:56:52Z,0.07229155825823269,0.08032159473668768,C:\Users\Craig\OneDrive\Desktop\Alnoris BMSx\Data\_extracted\nasa_ames\3. BatteryAgingARC_25-44\B0032.mat
B0032,12,43.0,2009-04-08T09:17:02Z,0.06976059493273279,0.07703771503522405,C:\Users\Craig\OneDrive\Desktop\Alnoris BMSx\Data\_extracted\nasa_ames\3. BatteryAgingARC_25-44\B0032.mat
B0032,22,43.0,2009-04-09T23:31:02Z,0.07304251157475981,0.08139940352254683,C:\Users\Craig\OneDrive\Desktop\Alnoris BMSx\Data\_extracted\nasa_ames\3. BatteryAgingARC_25-44\B0032.mat
B0032,24,43.0,2009-04-10T02:48:41Z,0.07087649877371076,0.07789158051602042,C:\Users\Craig\OneDrive\Desktop\Alnoris BMSx\Data\_extracted\nasa_ames\3. BatteryAgingARC_25-44\B0032.mat
B0032,34,43.0,2009-04-11T01:40:51Z,0.07278072428364658,0.08111493489022924,C:\Users\Craig\OneDrive\Desktop\Alnoris BMSx\Data\_extracted\nasa_ames\3. BatteryAgingARC_25-44\B0032.mat
B0032,36,43.0,2009-04-11T04:55:36Z,0.0707455120034817,0.07832398563988544,C:\Users\Craig\OneDrive\Desktop\Alnoris BMSx\Data\_extracted\nasa_ames\3. BatteryAgingARC_25-44\B0032.mat
B0032,46,43.0,2009-04-13T22:42:05Z,0.0731750018300721,0.08227381236824015,C:\Users\Craig\OneDrive\Desktop\Alnoris BMSx\Data\_extracted\nasa_ames\3. BatteryAgingARC_25-44\B0032.mat
B0032,48,43.0,2009-04-14T01:55:15Z,0.07133262642540289,0.0789786361031034,C:\Users\Craig\OneDrive\Desktop\Alnoris BMSx\Data\_extracted\nasa_ames\3. BatteryAgingARC_25-44\B0032.mat
B0032,58,43.0,2009-04-14T23:17:53Z,0.07399371077036296,0.08304332721389349,C:\Users\Craig\OneDrive\Desktop\Alnoris BMSx\Data\_extracted\nasa_ames\3. BatteryAgingARC_25-44\B0032.mat
B0032,60,43.0,2009-04-15T02:29:53Z,0.07176151986282678,0.079782528012842,C:\Users\Craig\OneDrive\Desktop\Alnoris BMSx\Data\_extracted\nasa_ames\3. BatteryAgingARC_25-44\B0032.mat
B0032,70,43.0,2009-04-16T03:38:19Z,0.07351968755589146,0.08244216680830045,C:\Users\Craig\OneDrive\Desktop\Alnoris BMSx\Data\_extracted\nasa_ames\3. BatteryAgingARC_25-44\B0032.mat
B0032,72,43.0,2009-04-16T06:50:32Z,0.0713737958044209,0.0791164876167491,C:\Users\Craig\OneDrive\Desktop\Alnoris BMSx\Data\_extracted\nasa_ames\3. BatteryAgingARC_25-44\B0032.mat
B0032,82,43.0,2009-04-16T22:48:37Z,0.0732675736197779,0.082761888121376,C:\Users\Craig\OneDrive\Desktop\Alnoris BMSx\Data\_extracted\nasa_ames\3. BatteryAgingARC_25-44\B0032.mat
B0032,84,43.0,2009-04-17T02:02:02Z,0.07214616175584028,0.08006166402298927,C:\Users\Craig\OneDrive\Desktop\Alnoris BMSx\Data\_extracted\nasa_ames\3. BatteryAgingARC_25-44\B0032.mat
B0032,94,43.0,2009-04-17T22:17:27Z,0.0746277661910761,0.0837355494638199,C:\Users\Craig\OneDrive\Desktop\Alnoris BMSx\Data\_extracted\nasa_ames\3. BatteryAgingARC_25-44\B0032.mat
B0032,96,43.0,2009-04-18T01:29:13Z,0.07233299460436984,0.07943581755418613,C:\Users\Craig\OneDrive\Desktop\Alnoris BMSx\Data\_extracted\nasa_ames\3. BatteryAgingARC_25-44\B0032.mat
B0038,1,24.0,2010-04-14T17:05:25Z,0.10741225627911477,0.19422549669639166,C:\Users\Craig\OneDrive\Desktop\Alnoris BMSx\Data\_extracted\nasa_ames\3. BatteryAgingARC_25-44\B0038.mat
B0038,3,24.0,2010-04-14T20:38:28Z,0.13540866462635234,0.165173115662009,C:\Users\Craig\OneDrive\Desktop\Alnoris BMSx\Data\_extracted\nasa_ames\3. BatteryAgingARC_25-44\B0038.mat
B0038,13,24.0,2010-04-15T11:27:45Z,0.1389866409231137,0.16159545599353686,C:\Users\Craig\OneDrive\Desktop\Alnoris BMSx\Data\_extracted\nasa_ames\3. BatteryAgingARC_25-44\B0038.mat
B0038,15,24.0,2010-04-15T15:04:41Z,0.14095891531709845,0.1633585736118174,C:\Users\Craig\OneDrive\Desktop\Alnoris BMSx\Data\_extracted\nasa_ames\3. BatteryAgingARC_25-44\B0038.mat
B0038,17,24.0,2010-04-16T12:39:51Z,0.13853774319036694,0.1618850589403124,C:\Users\Craig\OneDrive\Desktop\Alnoris BMSx\Data\_extracted\nasa_ames\3. BatteryAgingARC_25-44\B0038.mat
B0038,19,24.0,2010-04-16T16:16:47Z,0.13906044868377077,0.16444154506452435,C:\Users\Craig\OneDrive\Desktop\Alnoris BMSx\Data\_extracted\nasa_ames\3. BatteryAgingARC_25-44\B0038.mat
B0038,29,24.0,2010-04-17T07:01:15Z,0.1406855604946799,0.16216425891647474,C:\Users\Craig\OneDrive\Desktop\Alnoris BMSx\Data\_extracted\nasa_ames\3. BatteryAgingARC_25-44\B0038.mat
B0038,31,24.0,2010-04-17T10:38:12Z,0.14175666162727368,0.16558056168449775,C:\Users\Craig\OneDrive\Desktop\Alnoris BMSx\Data\_extracted\nasa_ames\3. BatteryAgingARC_25-44\B0038.mat
B0038,33,24.0,2010-04-21T15:43:24Z,0.15272399028692812,0.17003870500740276,C:\Users\Craig\OneDrive\Desktop\Alnoris BMSx\Data\_extracted\nasa_ames\3. BatteryAgingARC_25-44\B0038.mat
B0038,35,24.0,2010-04-21T18:57:26Z,0.14427998452270668,0.1557451124738889,C:\Users\Craig\OneDrive\Desktop\Alnoris BMSx\Data\_extracted\nasa_ames\3. BatteryAgingARC_25-44\B0038.mat
B0038,45,24.0,2010-04-22T15:23:20Z,0.14917800185864066,0.16974976972502936,C:\Users\Craig\OneDrive\Desktop\Alnoris BMSx\Data\_extracted\nasa_ames\3. BatteryAgingARC_25-44\B0038.mat
B0038,47,24.0,2010-04-22T18:36:48Z,0.14648742178282997,0.15805454192523422,C:\Users\Craig\OneDrive\Desktop\Alnoris BMSx\Data\_extracted\nasa_ames\3. BatteryAgingARC_25-44\B0038.mat
B0038,49,24.0,2010-04-23T18:45:33Z,0.15012736099411347,0.1691344665498041,C:\Users\Craig\OneDrive\Desktop\Alnoris BMSx\Data\_extracted\nasa_ames\3. BatteryAgingARC_25-44\B0038.mat
B0038,51,24.0,2010-04-23T21:59:15Z,0.1455291574783139,0.1573004337390157,C:\Users\Craig\OneDrive\Desktop\Alnoris BMSx\Data\_extracted\nasa_ames\3. BatteryAgingARC_25-44\B0038.mat
B0038,61,24.0,2010-04-24T18:19:06Z,0.14940349018213833,0.1675946844088751,C:\Users\Craig\OneDrive\Desktop\Alnoris BMSx\Data\_extracted\nasa_ames\3. BatteryAgingARC_25-44\B0038.mat
B0038,63,24.0,2010-04-24T21:33:55Z,0.14500986523159493,0.15811368788608726,C:\Users\Craig\OneDrive\Desktop\Alnoris BMSx\Data\_extracted\nasa_ames\3. BatteryAgingARC_25-44\B0038.mat
B0038,73,24.0,2010-04-25T17:54:30Z,0.14994778866927125,0.16392491137007645,C:\Users\Craig\OneDrive\Desktop\Alnoris BMSx\Data\_extracted\nasa_ames\3. BatteryAgingARC_25-44\B0038.mat
B0038,75,24.0,2010-04-25T21:10:12Z,0.14584673174899057,0.1571041662792431,C:\Users\Craig\OneDrive\Desktop\Alnoris BMSx\Data\_extracted\nasa_ames\3. BatteryAgingARC_25-44\B0038.mat
B0038,85,24.0,2010-04-26T17:45:04Z,0.14812418177752545,0.17153185082990613,C:\Users\Craig\OneDrive\Desktop\Alnoris BMSx\Data\_extracted\nasa_ames\3. BatteryAgingARC_25-44\B0038.mat
B0038,87,24.0,2010-04-26T21:03:28Z,0.1456213343445297,0.15781659459342282,C:\Users\Craig\OneDrive\Desktop\Alnoris BMSx\Data\_extracted\nasa_ames\3. BatteryAgingARC_25-44\B0038.mat
B0038,97,24.0,2010-04-27T17:37:16Z,0.14756299670325823,0.17164905527418417,C:\Users\Craig\OneDrive\Desktop\Alnoris BMSx\Data\_extracted\nasa_ames\3. BatteryAgingARC_25-44\B0038.mat
B0038,99,24.0,2010-04-27T20:57:53Z,0.14528367016745133,0.1571691009282757,C:\Users\Craig\OneDrive\Desktop\Alnoris BMSx\Data\_extracted\nasa_ames\3. BatteryAgingARC_25-44\B0038.mat
B0038,101,24.0,2010-04-28T14:21:08Z,0.146444823885942,0.16274519106092866,C:\Users\Craig\OneDrive\Desktop\Alnoris BMSx\Data\_extracted\nasa_ames\3. BatteryAgingARC_25-44\B0038.mat
B0038,103,24.0,2010-04-28T17:34:11Z,0.14618259692836447,0.158944262526129,C:\Users\Craig\OneDrive\Desktop\Alnoris BMSx\Data\_extracted\nasa_ames\3. BatteryAgingARC_25-44\B0038.mat
B0038,113,24.0,2010-04-29T09:08:59Z,0.1455848393689511,0.16212898506269313,C:\Users\Craig\OneDrive\Desktop\Alnoris BMSx\Data\_extracted\nasa_ames\3. BatteryAgingARC_25-44\B0038.mat
B0038,115,24.0,2010-04-29T12:24:00Z,0.14679376835166247,0.15906437833902004,C:\Users\Craig\OneDrive\Desktop\Alnoris BMSx\Data\_extracted\nasa_ames\3. BatteryAgingARC_25-44\B0038.mat
B0038,117,24.0,2010-05-04T13:52:15Z,0.15616698559323608,0.1687487221470342,C:\Users\Craig\OneDrive\Desktop\Alnoris BMSx\Data\_extracted\nasa_ames\3. BatteryAgingARC_25-44\B0038.mat
B0038,119,24.0,2010-05-04T16:54:50Z,0.15644311656628923,0.16888662807381682,C:\Users\Craig\OneDrive\Desktop\Alnoris BMSx\Data\_extracted\nasa_ames\3. BatteryAgingARC_25-44\B0038.mat
B0039,1,24.0,2010-04-14T17:05:25Z,0.10413759871076331,0.12657715456937985,C:\Users\Craig\OneDrive\Desktop\Alnoris BMSx\Data\_extracted\nasa_ames\3. BatteryAgingARC_25-44\B0039.mat
B0039,3,24.0,2010-04-14T20:38:28Z,0.11851988744947953,0.14797658847140885,C:\Users\Craig\OneDrive\Desktop\Alnoris BMSx\Data\_extracted\nasa_ames\3. BatteryAgingARC_25-44\B0039.mat
B0039,13,24.0,2010-04-15T11:27:45Z,0.0997718128695933,0.12513128988193659,C:\Users\Craig\OneDrive\Desktop\Alnoris BMSx\Data\_extracted\nasa_ames\3. BatteryAgingARC_25-44\B0039.mat
B0039,15,24.0,2010-04-15T15:04:41Z,0.102144213673012,0.12777204215045285,C:\Users\Craig\OneDrive\Desktop\Alnoris BMSx\Data\_extracted\nasa_ames\3. BatteryAgingARC_25-44\B0039.mat
B0039,17,24.0,2010-04-16T12:39:51Z,0.10302850846547995,0.12884712414973284,C:\Users\Craig\OneDrive\Desktop\Alnoris BMSx\Data\_extracted\nasa_ames\3. BatteryAgingARC_25-44\B0039.mat
B0039,19,24.0,2010-04-16T16:16:47Z,0.1014537466753826,0.13110910853807886,C:\Users\Craig\OneDrive\Desktop\Alnoris BMSx\Data\_extracted\nasa_ames\3. BatteryAgingARC_25-44\B0039.mat
B0039,29,24.0,2010-04-17T07:01:15Z,0.09916571640796953,0.12565796560453293,C:\Users\Craig\OneDrive\Desktop\Alnoris BMSx\Data\_extracted\nasa_ames\3. BatteryAgingARC_25-44\B0039.mat
B0039,31,24.0,2010-04-17T10:38:12Z,0.09650113796737751,0.12581449539815304,C:\Users\Craig\OneDrive\Desktop\Alnoris BMSx\Data\_extracted\nasa_ames\3. BatteryAgingARC_25-44\B0039.mat
B0039,33,24.0,2010-04-21T15:43:24Z,0.10669290243539739,0.12258906792907628,C:\Users\Craig\OneDrive\Desktop\Alnoris BMSx\Data\_extracted\nasa_ames\3. BatteryAgingARC_25-44\B0039.mat
B0039,35,24.0,2010-04-21T18:57:26Z,0.10575691934226002,0.11665906488176643,C:\Users\Craig\OneDrive\Desktop\Alnoris BMSx\Data\_extracted\nasa_ames\3. BatteryAgingARC_25-44\B0039.mat
B0039,45,24.0,2010-04-22T15:23:20Z,0.10422074398072559,0.12260960869737472,C:\Users\Craig\OneDrive\Desktop\Alnoris BMSx\Data\_extracted\nasa_ames\3. BatteryAgingARC_25-44\B0039.mat
B0039,47,24.0,2010-04-22T18:36:48Z,0.10431068055669727,0.11502293583564212,C:\Users\Craig\OneDrive\Desktop\Alnoris BMSx\Data\_extracted\nasa_ames\3. BatteryAgingARC_25-44\B0039.mat
B0039,49,24.0,2010-04-23T18:45:33Z,0.10475454289935465,0.12303707308395159,C:\Users\Craig\OneDrive\Desktop\Alnoris BMSx\Data\_extracted\nasa_ames\3. BatteryAgingARC_25-44\B0039.mat
B0039,51,24.0,2010-04-23T21:59:15Z,0.10372260075043041,0.1158034441415268,C:\Users\Craig\OneDrive\Desktop\Alnoris BMSx\Data\_extracted\nasa_ames\3. BatteryAgingARC_25-44\B0039.mat
B0039,61,24.0,2010-04-24T18:19:06Z,0.10468253421849981,0.12371921204909304,C:\Users\Craig\OneDrive\Desktop\Alnoris BMSx\Data\_extracted\nasa_ames\3. BatteryAgingARC_25-44\B0039.mat
B0039,63,24.0,2010-04-24T21:33:55Z,0.10216367165923392,0.11577837674365084,C:\Users\Craig\OneDrive\Desktop\Alnoris BMSx\Data\_extracted\nasa_ames\3. BatteryAgingARC_25-44\B0039.mat
B0039,73,24.0,2010-04-25T17:54:30Z,0.10432497770452183,0.12251910856300942,C:\Users\Craig\OneDrive\Desktop\Alnoris BMSx\Data\_extracted\nasa_ames\3. BatteryAgingARC_25-44\B0039.mat
B0039,75,24.0,2010-04-25T21:10:12Z,0.1047400112572983,0.11748575320016656,C:\Users\Craig\OneDrive\Desktop\Alnoris BMSx\Data\_extracted\nasa_ames\3. BatteryAgingARC_25-44\B0039.mat
B0039,85,24.0,2010-04-26T17:45:04Z,0.10555188286730889,0.123643384223538,C:\Users\Craig\OneDrive\Desktop\Alnoris BMSx\Data\_extracted\nasa_ames\3. BatteryAgingARC_25-44\B0039.mat
B0039,87,24.0,2010-04-26T21:03:28Z,0.10388916051668466,0.11598649883487762,C:\Users\Craig\OneDrive\Desktop\Alnoris BMSx\Data\_extracted\nasa_ames\3. BatteryAgingARC_25-44\B0039.mat
B0039,97,24.0,2010-04-27T17:37:16Z,0.10699460054134487,0.12333536476641997,C:\Users\Craig\OneDrive\Desktop\Alnoris BMSx\Data\_extracted\nasa_ames\3. BatteryAgingARC_25-44\B0039.mat
B0039,99,24.0,2010-04-27T20:57:53Z,0.10367964289518751,0.11582993101311871,C:\Users\Craig\OneDrive\Desktop\Alnoris BMSx\Data\_extracted\nasa_ames\3. BatteryAgingARC_25-44\B0039.mat
B0039,101,24.0,2010-04-28T14:21:08Z,0.10226557927213518,0.11619091271968048,C:\Users\Craig\OneDrive\Desktop\Alnoris BMSx\Data\_extracted\nasa_ames\3. BatteryAgingARC_25-44\B0039.mat
B0039,103,24.0,2010-04-28T17:34:11Z,0.10260174191072342,0.11522459440593265,C:\Users\Craig\OneDrive\Desktop\Alnoris BMSx\Data\_extracted\nasa_ames\3. BatteryAgingARC_25-44\B0039.mat
B0039,113,24.0,2010-04-29T09:08:59Z,0.10456181700206076,0.11683766667785118,C:\Users\Craig\OneDrive\Desktop\Alnoris BMSx\Data\_extracted\nasa_ames\3. BatteryAgingARC_25-44\B0039.mat
B0039,115,24.0,2010-04-29T12:24:00Z,0.10459572193166208,0.11701782728982862,C:\Users\Craig\OneDrive\Desktop\Alnoris BMSx\Data\_extracted\nasa_ames\3. BatteryAgingARC_25-44\B0039.mat
B0039,117,24.0,2010-05-04T13:52:15Z,0.10493381622184512,0.11615802009771455,C:\Users\Craig\OneDrive\Desktop\Alnoris BMSx\Data\_extracted\nasa_ames\3. BatteryAgingARC_25-44\B0039.mat
B0039,119,24.0,2010-05-04T16:54:50Z,0.1065281068779178,0.11819047381996031,C:\Users\Craig\OneDrive\Desktop\Alnoris BMSx\Data\_extracted\nasa_ames\3. BatteryAgingARC_25-44\B0039.mat
B0040,1,24.0,2010-04-14T17:05:25Z,0.11879545490125676,0.14757159306159412,C:\Users\Craig\OneDrive\Desktop\Alnoris BMSx\Data\_extracted\nasa_ames\3. BatteryAgingARC_25-44\B0040.mat
B0040,3,24.0,2010-04-14T20:38:28Z,0.1219059975893953,0.14761160367891857,C:\Users\Craig\OneDrive\Desktop\Alnoris BMSx\Data\_extracted\nasa_ames\3. BatteryAgingARC_25-44\B0040.mat
B0040,13,24.0,2010-04-15T11:27:45Z,0.11642042064497071,0.13851259434303276,C:\Users\Craig\OneDrive\Desktop\Alnoris BMSx\Data\_extracted\nasa_ames\3. BatteryAgingARC_25-44\B0040.mat
B0040,15,24.0,2010-04-15T15:04:41Z,0.11735952503933766,0.14194627781411706,C:\Users\Craig\OneDrive\Desktop\Alnoris BMSx\Data\_extracted\nasa_ames\3. BatteryAgingARC_25-44\B0040.mat
B0040,17,24.0,2010-04-16T12:39:51Z,0.1167088325664584,0.13968627167754774,C:\Users\Craig\OneDrive\Desktop\Alnoris BMSx\Data\_extracted\nasa_ames\3. BatteryAgingARC_25-44\B0040.mat
B0040,19,24.0,2010-04-16T16:16:47Z,0.11643602363821205,0.1430713061031339,C:\Users\Craig\OneDrive\Desktop\Alnoris BMSx\Data\_extracted\nasa_ames\3. BatteryAgingARC_25-44\B0040.mat
B0040,29,24.0,2010-04-17T07:01:15Z,0.116168955331647,0.13905422680888596,C:\Users\Craig\OneDrive\Desktop\Alnoris BMSx\Data\_extracted\nasa_ames\3. BatteryAgingARC_25-44\B0040.mat
B0040,31,24.0,2010-04-17T10:38:12Z,0.11666729189582106,0.14080317639160897,C:\Users\Craig\OneDrive\Desktop\Alnoris BMSx\Data\_extracted\nasa_ames\3. BatteryAgingARC_25-44\B0040.mat
B0040,33,24.0,2010-04-21T15:43:24Z,0.12473379305405503,0.13860878642005267,C:\Users\Craig\OneDrive\Desktop\Alnoris BMSx\Data\_extracted\nasa_ames\3. BatteryAgingARC_25-44\B0040.mat
B0040,35,24.0,2010-04-21T18:57:26Z,0.12435013494712618,0.13440667384213176,C:\Users\Craig\OneDrive\Desktop\Alnoris BMSx\Data\_extracted\nasa_ames\3. BatteryAgingARC_25-44\B0040.mat
B0040,45,24.0,2010-04-22T15:23:20Z,0.12393120537167894,0.1375811992235432,C:\Users\Craig\OneDrive\Desktop\Alnoris BMSx\Data\_extracted\nasa_ames\3. BatteryAgingARC_25-44\B0040.mat
B0040,47,24.0,2010-04-22T18:36:48Z,0.12335649207428787,0.1331525400570718,C:\Users\Craig\OneDrive\Desktop\Alnoris BMSx\Data\_extracted\nasa_ames\3. BatteryAgingARC_25-44\B0040.mat
B0040,49,24.0,2010-04-23T18:45:33Z,0.123556032143478,0.13619763751375935,C:\Users\Craig\OneDrive\Desktop\Alnoris BMSx\Data\_extracted\nasa_ames\3. BatteryAgingARC_25-44\B0040.mat
B0040,51,24.0,2010-04-23T21:59:15Z,0.12250401868234961,0.13316192756245376,C:\Users\Craig\OneDrive\Desktop\Alnoris BMSx\Data\_extracted\nasa_ames\3. BatteryAgingARC_25-44\B0040.mat
B0040,61,24.0,2010-04-24T18:19:06Z,0.12273986068984827,0.13810798376608746,C:\Users\Craig\OneDrive\Desktop\Alnoris BMSx\Data\_extracted\nasa_ames\3. BatteryAgingARC_25-44\B0040.mat
B0040,63,24.0,2010-04-24T21:33:55Z,0.12220093881840091,0.1326713927654389,C:\Users\Craig\OneDrive\Desktop\Alnoris BMSx\Data\_extracted\nasa_ames\3. BatteryAgingARC_25-44\B0040.mat
B0040,73,24.0,2010-04-25T17:54:30Z,0.12216218700623653,0.1379887813251949,C:\Users\Craig\OneDrive\Desktop\Alnoris BMSx\Data\_extracted\nasa_ames\3. BatteryAgingARC_25-44\B0040.mat
B0040,75,24.0,2010-04-25T21:10:12Z,0.12198587111152699,0.13339876299562053,C:\Users\Craig\OneDrive\Desktop\Alnoris BMSx\Data\_extracted\nasa_ames\3. BatteryAgingARC_25-44\B0040.mat
B0040,85,24.0,2010-04-26T17:45:04Z,0.1228666424484457,0.13936339080689636,C:\Users\Craig\OneDrive\Desktop\Alnoris BMSx\Data\_extracted\nasa_ames\3. BatteryAgingARC_25-44\B0040.mat
B0040,87,24.0,2010-04-26T21:03:28Z,0.12121394718235165,0.13369181577109937,C:\Users\Craig\OneDrive\Desktop\Alnoris BMSx\Data\_extracted\nasa_ames\3. BatteryAgingARC_25-44\B0040.mat
B0040,97,24.0,2010-04-27T17:37:16Z,0.12322650803122673,0.13987291065132254,C:\Users\Craig\OneDrive\Desktop\Alnoris BMSx\Data\_extracted\nasa_ames\3. BatteryAgingARC_25-44\B0040.mat
B0040,99,24.0,2010-04-27T20:57:53Z,0.12260260505135243,0.13334727596154902,C:\Users\Craig\OneDrive\Desktop\Alnoris BMSx\Data\_extracted\nasa_ames\3. BatteryAgingARC_25-44\B0040.mat
B0040,101,24.0,2010-04-28T14:21:08Z,0.12307427553172959,0.13637310674165262,C:\Users\Craig\OneDrive\Desktop\Alnoris BMSx\Data\_extracted\nasa_ames\3. BatteryAgingARC_25-44\B0040.mat
B0040,103,24.0,2010-04-28T17:34:11Z,0.1232360911234898,0.13404131221096813,C:\Users\Craig\OneDrive\Desktop\Alnoris BMSx\Data\_extracted\nasa_ames\3. BatteryAgingARC_25-44\B0040.mat
B0040,113,24.0,2010-04-29T09:08:59Z,0.12195900314349246,0.1359097925234744,C:\Users\Craig\OneDrive\Desktop\Alnoris BMSx\Data\_extracted\nasa_ames\3. BatteryAgingARC_25-44\B0040.mat
B0040,115,24.0,2010-04-29T12:24:00Z,0.12369639902717047,0.13417591396950698,C:\Users\Craig\OneDrive\Desktop\Alnoris BMSx\Data\_extracted\nasa_ames\3. BatteryAgingARC_25-44\B0040.mat
B0040,117,24.0,2010-05-04T13:52:15Z,0.1392745452413228,0.14981188825358746,C:\Users\Craig\OneDrive\Desktop\Alnoris BMSx\Data\_extracted\nasa_ames\3. BatteryAgingARC_25-44\B0040.mat
B0040,119,24.0,2010-05-04T16:54:50Z,0.13851689250703758,0.14988972373642645,C:\Users\Craig\OneDrive\Desktop\Alnoris BMSx\Data\_extracted\nasa_ames\3. BatteryAgingARC_25-44\B0040.mat
B0045,1,24.0,2010-07-21T16:53:45Z,0.07262833091140136,0.24565288003805374,C:\Users\Craig\OneDrive\Desktop\Alnoris BMSx\Data\_extracted\nasa_ames\4. BatteryAgingARC_45_46_47_48\B0045.mat
B0045,3,24.0,2010-07-21T20:31:05Z,0.06508671766814605,0.2144103420624745,C:\Users\Craig\OneDrive\Desktop\Alnoris BMSx\Data\_extracted\nasa_ames\4. BatteryAgingARC_45_46_47_48\B0045.mat
B0045,13,24.0,2010-07-22T17:03:07Z,0.07156780084491574,0.22917409664850488,C:\Users\Craig\OneDrive\Desktop\Alnoris BMSx\Data\_extracted\nasa_ames\4. BatteryAgingARC_45_46_47_48\B0045.mat
B0045,15,24.0,2010-07-22T20:40:25Z,0.06496762136397431,0.2113722499969527,C:\Users\Craig\OneDrive\Desktop\Alnoris BMSx\Data\_extracted\nasa_ames\4. BatteryAgingARC_45_46_47_48\B0045.mat
B0045,17,24.0,2010-07-23T11:35:36Z,0.07085905110621606,0.22536782747057604,C:\Users\Craig\OneDrive\Desktop\Alnoris BMSx\Data\_extracted\nasa_ames\4. BatteryAgingARC_45_46_47_48\B0045.mat
B0045,19,24.0,2010-07-23T15:12:59Z,0.065834534585151,0.22481998719814678,C:\Users\Craig\OneDrive\Desktop\Alnoris BMSx\Data\_extracted\nasa_ames\4. BatteryAgingARC_45_46_47_48\B0045.mat
B0045,29,24.0,2010-07-24T11:30:35Z,0.07271611665352982,0.23728932492610438,C:\Users\Craig\OneDrive\Desktop\Alnoris BMSx\Data\_extracted\nasa_ames\4. BatteryAgingARC_45_46_47_48\B0045.mat
B0045,31,24.0,2010-07-24T15:07:54Z,0.06633054353412862,0.22668842296884809,C:\Users\Craig\OneDrive\Desktop\Alnoris BMSx\Data\_extracted\nasa_ames\4. BatteryAgingARC_45_46_47_48\B0045.mat
B0045,33,24.0,2010-07-27T17:47:10Z,0.07379391711435068,0.23402805149171307,C:\Users\Craig\OneDrive\Desktop\Alnoris BMSx\Data\_extracted\nasa_ames\4. BatteryAgingARC_45_46_47_48\B0045.mat
B0045,35,24.0,2010-07-27T21:24:31Z,0.06625716405326432,0.20403871987566008,C:\Users\Craig\OneDrive\Desktop\Alnoris BMSx\Data\_extracted\nasa_ames\4. BatteryAgingARC_45_46_47_48\B0045.mat
B0045,45,24.0,2010-07-28T17:36:00Z,0.07407085440337718,0.24712433453213517,C:\Users\Craig\OneDrive\Desktop\Alnoris BMSx\Data\_extracted\nasa_ames\4. BatteryAgingARC_45_46_47_48\B0045.mat
B0045,47,24.0,2010-07-28T21:13:22Z,0.06777627439604476,0.22534672829210955,C:\Users\Craig\OneDrive\Desktop\Alnoris BMSx\Data\_extracted\nasa_ames\4. BatteryAgingARC_45_46_47_48\B0045.mat
B0045,57,24.0,2010-07-29T16:27:30Z,0.07553585453265253,0.22696302548798958,C:\Users\Craig\OneDrive\Desktop\Alnoris BMSx\Data\_extracted\nasa_ames\4. BatteryAgingARC_45_46_47_48\B0045.mat
B0045,59,24.0,2010-07-29T20:04:55Z,0.06980563364404266,0.23139179896466652,C:\Users\Craig\OneDrive\Desktop\Alnoris BMSx\Data\_extracted\nasa_ames\4. BatteryAgingARC_45_46_47_48\B0045.mat
B0045,69,24.0,2010-07-30T15:48:12Z,0.07524063848548625,0.236067929047247,C:\Users\Craig\OneDrive\Desktop\Alnoris BMSx\Data\_extracted\nasa_ames\4. BatteryAgingARC_45_46_47_48\B0045.mat
B0045,71,24.0,2010-07-30T19:25:34Z,0.06950301630038469,0.22673458416063663,C:\Users\Craig\OneDrive\Desktop\Alnoris BMSx\Data\_extracted\nasa_ames\4. BatteryAgingARC_45_46_47_48\B0045.mat
B0045,81,24.0,2010-07-31T14:55:48Z,0.07557825218769972,0.2381588363945259,C:\Users\Craig\OneDrive\Desktop\Alnoris BMSx\Data\_extracted\nasa_ames\4. BatteryAgingARC_45_46_47_48\B0045.mat
B0045,83,24.0,2010-07-31T18:33:11Z,0.0694793009922898,0.22331633781203572,C:\Users\Craig\OneDrive\Desktop\Alnoris BMSx\Data\_extracted\nasa_ames\4. BatteryAgingARC_45_46_47_48\B0045.mat
B0045,85,24.0,2010-08-03T17:20:28Z,0.07514815569756747,0.23805857497858054,C:\Users\Craig\OneDrive\Desktop\Alnoris BMSx\Data\_extracted\nasa_ames\4. BatteryAgingARC_45_46_47_48\B0045.mat
B0045,87,24.0,2010-08-03T20:57:49Z,0.06953400672173231,0.22353689737938615,C:\Users\Craig\OneDrive\Desktop\Alnoris BMSx\Data\_extracted\nasa_ames\4. BatteryAgingARC_45_46_47_48\B0045.mat
B0045,97,24.0,2010-08-04T16:32:38Z,0.07784268933035374,0.25487499179135786,C:\Users\Craig\OneDrive\Desktop\Alnoris BMSx\Data\_extracted\nasa_ames\4. BatteryAgingARC_45_46_47_48\B0045.mat
B0045,99,24.0,2010-08-04T20:10:04Z,0.07028850528402687,0.22476954143458322,C:\Users\Craig\OneDrive\Desktop\Alnoris BMSx\Data\_extracted\nasa_ames\4. BatteryAgingARC_45_46_47_48\B0045.mat
B0045,109,24.0,2010-08-05T15:27:47Z,0.07665661819286428,0.2524318071765449,C:\Users\Craig\OneDrive\Desktop\Alnoris BMSx\Data\_extracted\nasa_ames\4. BatteryAgingARC_45_46_47_48\B0045.mat
B0045,111,24.0,2010-08-05T19:05:13Z,0.07265624639199955,0.21751930365478941,C:\Users\Craig\OneDrive\Desktop\Alnoris BMSx\Data\_extracted\nasa_ames\4. BatteryAgingARC_45_46_47_48\B0045.mat
B0045,121,24.0,2010-08-06T14:11:12Z,0.07666311141532818,0.268866501378989,C:\Users\Craig\OneDrive\Desktop\Alnoris BMSx\Data\_extracted\nasa_ames\4. BatteryAgingARC_45_46_47_48\B0045.mat
B0045,123,24.0,2010-08-06T17:48:41Z,0.07168773446374989,0.24943260069581252,C:\Users\Craig\OneDrive\Desktop\Alnoris BMSx\Data\_extracted\nasa_ames\4. BatteryAgingARC_45_46_47_48\B0045.mat
B0045,133,24.0,2010-08-07T12:32:26Z,0.07651043534404252,0.2518232270228343,C:\Users\Craig\OneDrive\Desktop\Alnoris BMSx\Data\_extracted\nasa_ames\4. BatteryAgingARC_45_46_47_48\B0045.mat
B0045,135,24.0,2010-08-07T16:09:53Z,0.0716378959549494,0.24356737218825464,C:\Users\Craig\OneDrive\Desktop\Alnoris BMSx\Data\_extracted\nasa_ames\4. BatteryAgingARC_45_46_47_48\B0045.mat
B0045,137,24.0,2010-08-10T17:04:18Z,0.07903440492836379,0.2539874762415775,C:\Users\Craig\OneDrive\Desktop\Alnoris BMSx\Data\_extracted\nasa_ames\4. BatteryAgingARC_45_46_47_48\B0045.mat
B0045,139,24.0,2010-08-10T20:41:53Z,0.07309229911598115,0.24055566004243167,C:\Users\Craig\OneDrive\Desktop\Alnoris BMSx\Data\_extracted\nasa_ames\4. BatteryAgingARC_45_46_47_48\B0045.mat
B0045,149,24.0,2010-08-11T15:53:17Z,0.07819962577575235,0.26027617128815606,C:\Users\Craig\OneDrive\Desktop\Alnoris BMSx\Data\_extracted\nasa_ames\4. BatteryAgingARC_45_46_47_48\B0045.mat
B0045,151,24.0,2010-08-11T19:30:44Z,0.07196197013376011,0.23710627029581982,C:\Users\Craig\OneDrive\Desktop\Alnoris BMSx\Data\_extracted\nasa_ames\4. BatteryAgingARC_45_46_47_48\B0045.mat
B0045,153,24.0,2010-08-12T13:55:19Z,0.07678814571035394,0.2441680163515987,C:\Users\Craig\OneDrive\Desktop\Alnoris BMSx\Data\_extracted\nasa_ames\4. BatteryAgingARC_45_46_47_48\B0045.mat
B0045,155,24.0,2010-08-12T17:32:50Z,0.07339044256832125,0.2523682559402184,C:\Users\Craig\OneDrive\Desktop\Alnoris BMSx\Data\_extracted\nasa_ames\4. BatteryAgingARC_45_46_47_48\B0045.mat
B0045,165,24.0,2010-08-13T11:55:20Z,0.07710168771896372,0.23380874578902575,C:\Users\Craig\OneDrive\Desktop\Alnoris BMSx\Data\_extracted\nasa_ames\4. BatteryAgingARC_45_46_47_48\B0045.mat
B0045,167,24.0,2010-08-13T15:32:55Z,0.07391032139929392,0.2501676896592772,C:\Users\Craig\OneDrive\Desktop\Alnoris BMSx\Data\_extracted\nasa_ames\4. BatteryAgingARC_45_46_47_48\B0045.mat
B0045,169,24.0,2010-08-16T12:24:17Z,0.07644354445879684,0.256447267226129,C:\Users\Craig\OneDrive\Desktop\Alnoris BMSx\Data\_extracted\nasa_ames\4. BatteryAgingARC_45_46_47_48\B0045.mat
B0045,171,24.0,2010-08-16T16:01:52Z,0.07303308844921155,0.23387459182998502,C:\Users\Craig\OneDrive\Desktop\Alnoris BMSx\Data\_extracted\nasa_ames\4. BatteryAgingARC_45_46_47_48\B0045.mat
B0045,181,24.0,2010-08-17T11:12:01Z,0.07792709011808394,0.2528231787923866,C:\Users\Craig\OneDrive\Desktop\Alnoris BMSx\Data\_extracted\nasa_ames\4. BatteryAgingARC_45_46_47_48\B0045.mat
B0045,183,24.0,2010-08-17T14:49:38Z,0.07391035231000713,0.23877946759746088,C:\Users\Craig\OneDrive\Desktop\Alnoris BMSx\Data\_extracted\nasa_ames\4. BatteryAgingARC_45_46_47_48\B0045.mat
B0046,1,24.0,2010-07-21T16:53:45Z,0.09194533928221202,0.1870717035021495,C:\Users\Craig\OneDrive\Desktop\Alnoris BMSx\Data\_extracted\nasa_ames\4. BatteryAgingARC_45_46_47_48\B0046.mat
B0046,3,24.0,2010-07-21T20:31:05Z,0.07717590294099802,0.1826685711923537,C:\Users\Craig\OneDrive\Desktop\Alnoris BMSx\Data\_extracted\nasa_ames\4. BatteryAgingARC_45_46_47_48\B0046.mat
B0046,13,24.0,2010-07-22T17:03:07Z,0.0819659578807842,0.24492509528564738,C:\Users\Craig\OneDrive\Desktop\Alnoris BMSx\Data\_extracted\nasa_ames\4. BatteryAgingARC_45_46_47_48\B0046.mat
B0046,15,24.0,2010-07-22T20:40:25Z,0.07623453681593678,0.18984193318017523,C:\Users\Craig\OneDrive\Desktop\Alnoris BMSx\Data\_extracted\nasa_ames\4. BatteryAgingARC_45_46_47_48\B0046.mat
B0046,17,24.0,2010-07-23T11:35:36Z,0.08237854639974329,0.22852812374188913,C:\Users\Craig\OneDrive\Desktop\Alnoris BMSx\Data\_extracted\nasa_ames\4. BatteryAgingARC_45_46_47_48\B0046.mat
B0046,19,24.0,2010-07-23T15:12:59Z,0.07559209116896934,0.1883024240199668,C:\Users\Craig\OneDrive\Desktop\Alnoris BMSx\Data\_extracted\nasa_ames\4. BatteryAgingARC_45_46_47_48\B0046.mat
B0046,29,24.0,2010-07-24T11:30:35Z,0.08120588668960783,0.232715267361228,C:\Users\Craig\OneDrive\Desktop\Alnoris BMSx\Data\_extracted\nasa_ames\4. BatteryAgingARC_45_46_47_48\B0046.mat
B0046,31,24.0,2010-07-24T15:07:54Z,0.07720407425594146,0.19135753981975645,C:\Users\Craig\OneDrive\Desktop\Alnoris BMSx\Data\_extracted\nasa_ames\4. BatteryAgingARC_45_46_47_48\B0046.mat
B0046,33,24.0,2010-07-27T17:47:10Z,0.08332069317920897,0.22823249519383526,C:\Users\Craig\OneDrive\Desktop\Alnoris BMSx\Data\_extracted\nasa_ames\4. BatteryAgingARC_45_46_47_48\B0046.mat
B0046,35,24.0,2010-07-27T21:24:31Z,0.07563786694471847,0.19401600783008754,C:\Users\Craig\OneDrive\Desktop\Alnoris BMSx\Data\_extracted\nasa_ames\4. BatteryAgingARC_45_46_47_48\B0046.mat
B0046,45,24.0,2010-07-28T17:36:00Z,0.08118306151794047,0.2405344663006172,C:\Users\Craig\OneDrive\Desktop\Alnoris BMSx\Data\_extracted\nasa_ames\4. BatteryAgingARC_45_46_47_48\B0046.mat
B0046,47,24.0,2010-07-28T21:13:22Z,0.0777141187377075,0.18681976287298563,C:\Users\Craig\OneDrive\Desktop\Alnoris BMSx\Data\_extracted\nasa_ames\4. BatteryAgingARC_45_46_47_48\B0046.mat
B0046,57,24.0,2010-07-29T16:27:30Z,0.08215965572666578,0.25082064818174565,C:\Users\Craig\OneDrive\Desktop\Alnoris BMSx\Data\_extracted\nasa_ames\4. BatteryAgingARC_45_46_47_48\B0046.mat
B0046,59,24.0,2010-07-29T20:04:55Z,0.07821782500237034,0.1955292803071596,C:\Users\Craig\OneDrive\Desktop\Alnoris BMSx\Data\_extracted\nasa_ames\4. BatteryAgingARC_45_46_47_48\B0046.mat
B0046,69,24.0,2010-07-30T15:48:12Z,0.08323720831832554,0.2278577083294977,C:\Users\Craig\OneDrive\Desktop\Alnoris BMSx\Data\_extracted\nasa_ames\4. BatteryAgingARC_45_46_47_48\B0046.mat
B0046,71,24.0,2010-07-30T19:25:34Z,0.07950370067323087,0.1974406290161072,C:\Users\Craig\OneDrive\Desktop\Alnoris BMSx\Data\_extracted\nasa_ames\4. BatteryAgingARC_45_46_47_48\B0046.mat
B0046,81,24.0,2010-07-31T14:55:48Z,0.08242979163947259,0.23860007679080417,C:\Users\Craig\OneDrive\Desktop\Alnoris BMSx\Data\_extracted\nasa_ames\4. BatteryAgingARC_45_46_47_48\B0046.mat
B0046,83,24.0,2010-07-31T18:33:11Z,0.07859461504461127,0.2110064519147993,C:\Users\Craig\OneDrive\Desktop\Alnoris BMSx\Data\_extracted\nasa_ames\4. BatteryAgingARC_45_46_47_48\B0046.mat
B0046,85,24.0,2010-08-03T17:20:28Z,0.08528482420265604,0.23034769239747743,C:\Users\Craig\OneDrive\Desktop\Alnoris BMSx\Data\_extracted\nasa_ames\4. BatteryAgingARC_45_46_47_48\B0046.mat
B0046,87,24.0,2010-08-03T20:57:49Z,0.07824380553520457,0.19301061741153844,C:\Users\Craig\OneDrive\Desktop\Alnoris BMSx\Data\_extracted\nasa_ames\4. BatteryAgingARC_45_46_47_48\B0046.mat
B0046,97,24.0,2010-08-04T16:32:38Z,0.08302083043754498,0.23756384005994757,C:\Users\Craig\OneDrive\Desktop\Alnoris BMSx\Data\_extracted\nasa_ames\4. BatteryAgingARC_45_46_47_48\B0046.mat
B0046,99,24.0,2010-08-04T20:10:04Z,0.07940067402995159,0.21026493460698087,C:\Users\Craig\OneDrive\Desktop\Alnoris BMSx\Data\_extracted\nasa_ames\4. BatteryAgingARC_45_46_47_48\B0046.mat
B0046,109,24.0,2010-08-05T15:27:47Z,0.08343387022755688,0.23400963467595975,C:\Users\Craig\OneDrive\Desktop\Alnoris BMSx\Data\_extracted\nasa_ames\4. BatteryAgingARC_45_46_47_48\B0046.mat
B0046,111,24.0,2010-08-05T19:05:13Z,0.0810178807183025,0.2127454883661688,C:\Users\Craig\OneDrive\Desktop\Alnoris BMSx\Data\_extracted\nasa_ames\4. BatteryAgingARC_45_46_47_48\B0046.mat
B0046,121,24.0,2010-08-06T14:11:12Z,0.0844622633914447,0.23211008760762697,C:\Users\Craig\OneDrive\Desktop\Alnoris BMSx\Data\_extracted\nasa_ames\4. BatteryAgingARC_45_46_47_48\B0046.mat
B0046,123,24.0,2010-08-06T17:48:41Z,0.08196042284417204,0.2058766296813479,C:\Users\Craig\OneDrive\Desktop\Alnoris BMSx\Data\_extracted\nasa_ames\4. BatteryAgingARC_45_46_47_48\B0046.mat
B0046,133,24.0,2010-08-07T12:32:26Z,0.0856412032472594,0.2350786561579918,C:\Users\Craig\OneDrive\Desktop\Alnoris BMSx\Data\_extracted\nasa_ames\4. BatteryAgingARC_45_46_47_48\B0046.mat
B0046,135,24.0,2010-08-07T16:09:53Z,0.08132531269171153,0.2127157604775671,C:\Users\Craig\OneDrive\Desktop\Alnoris BMSx\Data\_extracted\nasa_ames\4. BatteryAgingARC_45_46_47_48\B0046.mat
B0046,137,24.0,2010-08-10T17:04:18Z,0.08534495362991043,0.23020257285736626,C:\Users\Craig\OneDrive\Desktop\Alnoris BMSx\Data\_extracted\nasa_ames\4. BatteryAgingARC_45_46_47_48\B0046.mat
B0046,139,24.0,2010-08-10T20:41:53Z,0.08089351441764228,0.19666741100844673,C:\Users\Craig\OneDrive\Desktop\Alnoris BMSx\Data\_extracted\nasa_ames\4. BatteryAgingARC_45_46_47_48\B0046.mat
B0046,149,24.0,2010-08-11T15:53:17Z,0.0843307889050809,0.23440316330817096,C:\Users\Craig\OneDrive\Desktop\Alnoris BMSx\Data\_extracted\nasa_ames\4. BatteryAgingARC_45_46_47_48\B0046.mat
B0046,151,24.0,2010-08-11T19:30:44Z,0.08234957242368904,0.20929540146223666,C:\Users\Craig\OneDrive\Desktop\Alnoris BMSx\Data\_extracted\nasa_ames\4. BatteryAgingARC_45_46_47_48\B0046.mat
B0046,153,24.0,2010-08-12T13:55:19Z,0.08628731710880985,0.23860245270482514,C:\Users\Craig\OneDrive\Desktop\Alnoris BMSx\Data\_extracted\nasa_ames\4. BatteryAgingARC_45_46_47_48\B0046.mat
B0046,155,24.0,2010-08-12T17:32:50Z,0.08085166351121224,0.20738228651723412,C:\Users\Craig\OneDrive\Desktop\Alnoris BMSx\Data\_extracted\nasa_ames\4. BatteryAgingARC_45_46_47_48\B0046.mat
B0046,165,24.0,2010-08-13T11:55:20Z,0.08347666367871394,0.22241946440627763,C:\Users\Craig\OneDrive\Desktop\Alnoris BMSx\Data\_extracted\nasa_ames\4. BatteryAgingARC_45_46_47_48\B0046.mat
B0046,167,24.0,2010-08-13T15:32:55Z,0.08249533483883906,0.2177659128869859,C:\Users\Craig\OneDrive\Desktop\Alnoris BMSx\Data\_extracted\nasa_ames\4. BatteryAgingARC_45_46_47_48\B0046.mat
B0046,169,24.0,2010-08-16T12:24:17Z,0.0860735486643324,0.22710713634903815,C:\Users\Craig\OneDrive\Desktop\Alnoris BMSx\Data\_extracted\nasa_ames\4. BatteryAgingARC_45_46_47_48\B0046.mat
B0046,171,24.0,2010-08-16T16:01:52Z,0.08253202322057318,0.1909788575414279,C:\Users\Craig\OneDrive\Desktop\Alnoris BMSx\Data\_extracted\nasa_ames\4. BatteryAgingARC_45_46_47_48\B0046.mat
B0046,181,24.0,2010-08-17T11:12:01Z,0.0855762876679171,0.23631754613871103,C:\Users\Craig\OneDrive\Desktop\Alnoris BMSx\Data\_extracted\nasa_ames\4. BatteryAgingARC_45_46_47_48\B0046.mat
B0046,183,24.0,2010-08-17T14:49:38Z,0.08083179905043456,0.21146271210164572,C:\Users\Craig\OneDrive\Desktop\Alnoris BMSx\Data\_extracted\nasa_ames\4. BatteryAgingARC_45_46_47_48\B0046.mat
B0047,1,24.0,2010-07-21T16:53:45Z,0.05605783343888099,0.20097016584458333,C:\Users\Craig\OneDrive\Desktop\Alnoris BMSx\Data\_extracted\nasa_ames\4. BatteryAgingARC_45_46_47_48\B0047.mat
B0047,3,24.0,2010-07-21T20:31:05Z,0.05319185850921101,0.16473399914864734,C:\Users\Craig\OneDrive\Desktop\Alnoris BMSx\Data\_extracted\nasa_ames\4. BatteryAgingARC_45_46_47_48\B0047.mat
B0047,13,24.0,2010-07-22T17:03:07Z,0.05963791501051059,0.21039872263834902,C:\Users\Craig\OneDrive\Desktop\Alnoris BMSx\Data\_extracted\nasa_ames\4. BatteryAgingARC_45_46_47_48\B0047.mat
B0047,15,24.0,2010-07-22T20:40:25Z,0.05512505361624278,0.1754882075917004,C:\Users\Craig\OneDrive\Desktop\Alnoris BMSx\Data\_extracted\nasa_ames\4. BatteryAgingARC_45_46_47_48\B0047.mat
B0047,17,24.0,2010-07-23T11:35:36Z,0.058878485312444453,0.19095687096090014,C:\Users\Craig\OneDrive\Desktop\Alnoris BMSx\Data\_extracted\nasa_ames\4. BatteryAgingARC_45_46_47_48\B0047.mat
B0047,19,24.0,2010-07-23T15:12:59Z,0.05281282159808424,0.17225152334151322,C:\Users\Craig\OneDrive\Desktop\Alnoris BMSx\Data\_extracted\nasa_ames\4. BatteryAgingARC_45_46_47_48\B0047.mat
B0047,29,24.0,2010-07-24T11:30:35Z,0.057516600514537095,0.196364379896874,C:\Users\Craig\OneDrive\Desktop\Alnoris BMSx\Data\_extracted\nasa_ames\4. BatteryAgingARC_45_46_47_48\B0047.mat
B0047,31,24.0,2010-07-24T15:07:54Z,0.05353424494363978,0.1777073031474945,C:\Users\Craig\OneDrive\Desktop\Alnoris BMSx\Data\_extracted\nasa_ames\4. BatteryAgingARC_45_46_47_48\B0047.mat
B0047,33,24.0,2010-07-27T17:47:10Z,0.06203113143529375,0.20089789289030596,C:\Users\Craig\OneDrive\Desktop\Alnoris BMSx\Data\_extracted\nasa_ames\4. BatteryAgingARC_45_46_47_48\B0047.mat
B0047,35,24.0,2010-07-27T21:24:31Z,0.05858490374013478,0.18415407975514042,C:\Users\Craig\OneDrive\Desktop\Alnoris BMSx\Data\_extracted\nasa_ames\4. BatteryAgingARC_45_46_47_48\B0047.mat
B0047,45,24.0,2010-07-28T17:36:00Z,0.062410515179020035,0.21439323318771758,C:\Users\Craig\OneDrive\Desktop\Alnoris BMSx\Data\_extracted\nasa_ames\4. BatteryAgingARC_45_46_47_48\B0047.mat
B0047,47,24.0,2010-07-28T21:13:22Z,0.058089440596035116,0.18668970409335445,C:\Users\Craig\OneDrive\Desktop\Alnoris BMSx\Data\_extracted\nasa_ames\4. BatteryAgingARC_45_46_47_48\B0047.mat
B0047,57,24.0,2010-07-29T16:27:30Z,0.06545446046217203,0.22145350055169272,C:\Users\Craig\OneDrive\Desktop\Alnoris BMSx\Data\_extracted\nasa_ames\4. BatteryAgingARC_45_46_47_48\B0047.mat
B0047,59,24.0,2010-07-29T20:04:55Z,0.05889356113513966,0.20283861831236083,C:\Users\Craig\OneDrive\Desktop\Alnoris BMSx\Data\_extracted\nasa_ames\4. BatteryAgingARC_45_46_47_48\B0047.mat
B0047,69,24.0,2010-07-30T15:48:12Z,0.06743699845446587,0.23182146271844611,C:\Users\Craig\OneDrive\Desktop\Alnoris BMSx\Data\_extracted\nasa_ames\4. BatteryAgingARC_45_46_47_48\B0047.mat
B0047,71,24.0,2010-07-30T19:25:34Z,0.060657470418007564,0.21399678178486087,C:\Users\Craig\OneDrive\Desktop\Alnoris BMSx\Data\_extracted\nasa_ames\4. BatteryAgingARC_45_46_47_48\B0047.mat
B0047,81,24.0,2010-07-31T14:55:48Z,0.0701001536900913,0.22987797007523192,C:\Users\Craig\OneDrive\Desktop\Alnoris BMSx\Data\_extracted\nasa_ames\4. BatteryAgingARC_45_46_47_48\B0047.mat
B0047,83,24.0,2010-07-31T18:33:11Z,0.06550718241713958,0.20355160811691492,C:\Users\Craig\OneDrive\Desktop\Alnoris BMSx\Data\_extracted\nasa_ames\4. BatteryAgingARC_45_46_47_48\B0047.mat
B0047,85,24.0,2010-08-03T17:20:28Z,0.06547504558382393,0.23692895486998544,C:\Users\Craig\OneDrive\Desktop\Alnoris BMSx\Data\_extracted\nasa_ames\4. BatteryAgingARC_45_46_47_48\B0047.mat
B0047,87,24.0,2010-08-03T20:57:49Z,0.06405018284856573,0.2030937186647097,C:\Users\Craig\OneDrive\Desktop\Alnoris BMSx\Data\_extracted\nasa_ames\4. BatteryAgingARC_45_46_47_48\B0047.mat
B0047,97,24.0,2010-08-04T16:32:38Z,0.06709824474037232,0.2303958167446359,C:\Users\Craig\OneDrive\Desktop\Alnoris BMSx\Data\_extracted\nasa_ames\4. BatteryAgingARC_45_46_47_48\B0047.mat
B0047,99,24.0,2010-08-04T20:10:04Z,0.0658333505063299,0.22044155106998758,C:\Users\Craig\OneDrive\Desktop\Alnoris BMSx\Data\_extracted\nasa_ames\4. BatteryAgingARC_45_46_47_48\B0047.mat
B0047,109,24.0,2010-08-05T15:27:47Z,0.06982103693778563,0.24787176507460934,C:\Users\Craig\OneDrive\Desktop\Alnoris BMSx\Data\_extracted\nasa_ames\4. BatteryAgingARC_45_46_47_48\B0047.mat
B0047,111,24.0,2010-08-05T19:05:13Z,0.06878780909118251,0.21360336620224382,C:\Users\Craig\OneDrive\Desktop\Alnoris BMSx\Data\_extracted\nasa_ames\4. BatteryAgingARC_45_46_47_48\B0047.mat
B0047,121,24.0,2010-08-06T14:11:12Z,0.07117358017648434,0.23685982966743208,C:\Users\Craig\OneDrive\Desktop\Alnoris BMSx\Data\_extracted\nasa_ames\4. BatteryAgingARC_45_46_47_48\B0047.mat
B0047,123,24.0,2010-08-06T17:48:41Z,0.06704245742224402,0.2239461958000678,C:\Users\Craig\OneDrive\Desktop\Alnoris BMSx\Data\_extracted\nasa_ames\4. BatteryAgingARC_45_46_47_48\B0047.mat
B0047,133,24.0,2010-08-07T12:32:26Z,0.07023260964111881,0.24323243271860617,C:\Users\Craig\OneDrive\Desktop\Alnoris BMSx\Data\_extracted\nasa_ames\4. BatteryAgingARC_45_46_47_48\B0047.mat
B0047,135,24.0,2010-08-07T16:09:53Z,0.06768700346240909,0.22229050779281917,C:\Users\Craig\OneDrive\Desktop\Alnoris BMSx\Data\_extracted\nasa_ames\4. BatteryAgingARC_45_46_47_48\B0047.mat
B0047,137,24.0,2010-08-10T17:04:18Z,0.07161977998793091,0.23403724411294652,C:\Users\Craig\OneDrive\Desktop\Alnoris BMSx\Data\_extracted\nasa_ames\4. BatteryAgingARC_45_46_47_48\B0047.mat
B0047,139,24.0,2010-08-10T20:41:53Z,0.07068108535338244,0.19528521622738274,C:\Users\Craig\OneDrive\Desktop\Alnoris BMSx\Data\_extracted\nasa_ames\4. BatteryAgingARC_45_46_47_48\B0047.mat
B0047,149,24.0,2010-08-11T15:53:17Z,0.07509561004673014,0.23858006096341283,C:\Users\Craig\OneDrive\Desktop\Alnoris BMSx\Data\_extracted\nasa_ames\4. BatteryAgingARC_45_46_47_48\B0047.mat
B0047,151,24.0,2010-08-11T19:30:44Z,0.07216164396916556,0.21346805183925466,C:\Users\Craig\OneDrive\Desktop\Alnoris BMSx\Data\_extracted\nasa_ames\4. BatteryAgingARC_45_46_47_48\B0047.mat
B0047,153,24.0,2010-08-12T13:55:19Z,0.0744699239483102,0.22881371041584014,C:\Users\Craig\OneDrive\Desktop\Alnoris BMSx\Data\_extracted\nasa_ames\4. BatteryAgingARC_45_46_47_48\B0047.mat
B0047,155,24.0,2010-08-12T17:32:50Z,0.07206578369812164,0.21699657259865804,C:\Users\Craig\OneDrive\Desktop\Alnoris BMSx\Data\_extracted\nasa_ames\4. BatteryAgingARC_45_46_47_48\B0047.mat
B0047,165,24.0,2010-08-13T11:55:20Z,0.07588155579843063,0.21716973379374443,C:\Users\Craig\OneDrive\Desktop\Alnoris BMSx\Data\_extracted\nasa_ames\4. BatteryAgingARC_45_46_47_48\B0047.mat
B0047,167,24.0,2010-08-13T15:32:55Z,0.07280052727114004,0.2167410015359882,C:\Users\Craig\OneDrive\Desktop\Alnoris BMSx\Data\_extracted\nasa_ames\4. BatteryAgingARC_45_46_47_48\B0047.mat
B0047,169,24.0,2010-08-16T12:24:17Z,0.07227737714460603,0.23707482814903902,C:\Users\Craig\OneDrive\Desktop\Alnoris BMSx\Data\_extracted\nasa_ames\4. BatteryAgingARC_45_46_47_48\B0047.mat
B0047,171,24.0,2010-08-16T16:01:52Z,0.07278328377782098,0.21520598666769783,C:\Users\Craig\OneDrive\Desktop\Alnoris BMSx\Data\_extracted\nasa_ames\4. BatteryAgingARC_45_46_47_48\B0047.mat
B0047,181,24.0,2010-08-17T11:12:01Z,0.07436360239266564,0.23408631844470174,C:\Users\Craig\OneDrive\Desktop\Alnoris BMSx\Data\_extracted\nasa_ames\4. BatteryAgingARC_45_46_47_48\B0047.mat
B0047,183,24.0,2010-08-17T14:49:38Z,0.07300469972093052,0.22171366635291487,C:\Users\Craig\OneDrive\Desktop\Alnoris BMSx\Data\_extracted\nasa_ames\4. BatteryAgingARC_45_46_47_48\B0047.mat
B0048,1,24.0,2010-07-21T16:53:45Z,0.07799077882418357,0.23974893898915942,C:\Users\Craig\OneDrive\Desktop\Alnoris BMSx\Data\_extracted\nasa_ames\4. BatteryAgingARC_45_46_47_48\B0048.mat
B0048,3,24.0,2010-07-21T20:31:05Z,0.07486242670723003,0.21184412901313732,C:\Users\Craig\OneDrive\Desktop\Alnoris BMSx\Data\_extracted\nasa_ames\4. BatteryAgingARC_45_46_47_48\B0048.mat
B0048,13,24.0,2010-07-22T17:03:07Z,0.07857734995287656,0.229261520633249,C:\Users\Craig\OneDrive\Desktop\Alnoris BMSx\Data\_extracted\nasa_ames\4. BatteryAgingARC_45_46_47_48\B0048.mat
B0048,15,24.0,2010-07-22T20:40:25Z,0.07489643913902913,0.19798822090855814,C:\Users\Craig\OneDrive\Desktop\Alnoris BMSx\Data\_extracted\nasa_ames\4. BatteryAgingARC_45_46_47_48\B0048.mat
B0048,17,24.0,2010-07-23T11:35:36Z,0.07921442518696754,0.22345095607046195,C:\Users\Craig\OneDrive\Desktop\Alnoris BMSx\Data\_extracted\nasa_ames\4. BatteryAgingARC_45_46_47_48\B0048.mat
B0048,19,24.0,2010-07-23T15:12:59Z,0.0757692694613932,0.2089565660584671,C:\Users\Craig\OneDrive\Desktop\Alnoris BMSx\Data\_extracted\nasa_ames\4. BatteryAgingARC_45_46_47_48\B0048.mat
B0048,29,24.0,2010-07-24T11:30:35Z,0.08000205531297787,0.23229414101827145,C:\Users\Craig\OneDrive\Desktop\Alnoris BMSx\Data\_extracted\nasa_ames\4. BatteryAgingARC_45_46_47_48\B0048.mat
B0048,31,24.0,2010-07-24T15:07:54Z,0.0753322025051574,0.19519769256846722,C:\Users\Craig\OneDrive\Desktop\Alnoris BMSx\Data\_extracted\nasa_ames\4. BatteryAgingARC_45_46_47_48\B0048.mat
B0048,33,24.0,2010-07-27T17:47:10Z,0.0818843773490264,0.23100483852381862,C:\Users\Craig\OneDrive\Desktop\Alnoris BMSx\Data\_extracted\nasa_ames\4. BatteryAgingARC_45_46_47_48\B0048.mat
B0048,35,24.0,2010-07-27T21:24:31Z,0.07641471458894618,0.19470711834781718,C:\Users\Craig\OneDrive\Desktop\Alnoris BMSx\Data\_extracted\nasa_ames\4. BatteryAgingARC_45_46_47_48\B0048.mat
B0048,45,24.0,2010-07-28T17:36:00Z,0.08219047870872118,0.24072826115845622,C:\Users\Craig\OneDrive\Desktop\Alnoris BMSx\Data\_extracted\nasa_ames\4. BatteryAgingARC_45_46_47_48\B0048.mat
B0048,47,24.0,2010-07-28T21:13:22Z,0.07694896787681794,0.2163753560854461,C:\Users\Craig\OneDrive\Desktop\Alnoris BMSx\Data\_extracted\nasa_ames\4. BatteryAgingARC_45_46_47_48\B0048.mat
B0048,57,24.0,2010-07-29T16:27:30Z,0.0821552417870071,0.22728873932665633,C:\Users\Craig\OneDrive\Desktop\Alnoris BMSx\Data\_extracted\nasa_ames\4. BatteryAgingARC_45_46_47_48\B0048.mat
B0048,59,24.0,2010-07-29T20:04:55Z,0.08120105386377145,0.21123784616824648,C:\Users\Craig\OneDrive\Desktop\Alnoris BMSx\Data\_extracted\nasa_ames\4. BatteryAgingARC_45_46_47_48\B0048.mat
B0048,69,24.0,2010-07-30T15:48:12Z,0.08137007548326783,0.2462524937882742,C:\Users\Craig\OneDrive\Desktop\Alnoris BMSx\Data\_extracted\nasa_ames\4. BatteryAgingARC_45_46_47_48\B0048.mat
B0048,71,24.0,2010-07-30T19:25:34Z,0.07886956638985701,0.21370829074200262,C:\Users\Craig\OneDrive\Desktop\Alnoris BMSx\Data\_extracted\nasa_ames\4. BatteryAgingARC_45_46_47_48\B0048.mat
B0048,81,24.0,2010-07-31T14:55:48Z,0.08225194664630603,0.24297878659653382,C:\Users\Craig\OneDrive\Desktop\Alnoris BMSx\Data\_extracted\nasa_ames\4. BatteryAgingARC_45_46_47_48\B0048.mat
B0048,83,24.0,2010-07-31T18:33:11Z,0.0799826707857191,0.2047737934078979,C:\Users\Craig\OneDrive\Desktop\Alnoris BMSx\Data\_extracted\nasa_ames\4. BatteryAgingARC_45_46_47_48\B0048.mat
B0048,85,24.0,2010-08-03T17:20:28Z,0.08086061563466027,0.23879470834549774,C:\Users\Craig\OneDrive\Desktop\Alnoris BMSx\Data\_extracted\nasa_ames\4. BatteryAgingARC_45_46_47_48\B0048.mat
B0048,87,24.0,2010-08-03T20:57:49Z,0.07883278236642736,0.2102307097728051,C:\Users\Craig\OneDrive\Desktop\Alnoris BMSx\Data\_extracted\nasa_ames\4. BatteryAgingARC_45_46_47_48\B0048.mat
B0048,97,24.0,2010-08-04T16:32:38Z,0.08359248201820703,0.25467582471630545,C:\Users\Craig\OneDrive\Desktop\Alnoris BMSx\Data\_extracted\nasa_ames\4. BatteryAgingARC_45_46_47_48\B0048.mat
B0048,99,24.0,2010-08-04T20:10:04Z,0.07860661634486579,0.21549822256470672,C:\Users\Craig\OneDrive\Desktop\Alnoris BMSx\Data\_extracted\nasa_ames\4. BatteryAgingARC_45_46_47_48\B0048.mat
B0048,109,24.0,2010-08-05T15:27:47Z,0.08258300471033096,0.25261163528965497,C:\Users\Craig\OneDrive\Desktop\Alnoris BMSx\Data\_extracted\nasa_ames\4. BatteryAgingARC_45_46_47_48\B0048.mat
B0048,111,24.0,2010-08-05T19:05:13Z,0.07927683932526819,0.21954347872890417,C:\Users\Craig\OneDrive\Desktop\Alnoris BMSx\Data\_extracted\nasa_ames\4. BatteryAgingARC_45_46_47_48\B0048.mat
B0048,121,24.0,2010-08-06T14:11:12Z,0.08496523801764762,0.253135050345307,C:\Users\Craig\OneDrive\Desktop\Alnoris BMSx\Data\_extracted\nasa_ames\4. BatteryAgingARC_45_46_47_48\B0048.mat
B0048,123,24.0,2010-08-06T17:48:41Z,0.08063966510575257,0.23649095641164178,C:\Users\Craig\OneDrive\Desktop\Alnoris BMSx\Data\_extracted\nasa_ames\4. BatteryAgingARC_45_46_47_48\B0048.mat
B0048,133,24.0,2010-08-07T12:32:26Z,0.08366506517993519,0.2432589808852623,C:\Users\Craig\OneDrive\Desktop\Alnoris BMSx\Data\_extracted\nasa_ames\4. BatteryAgingARC_45_46_47_48\B0048.mat
B0048,135,24.0,2010-08-07T16:09:53Z,0.07906270763202047,0.23396617204350514,C:\Users\Craig\OneDrive\Desktop\Alnoris BMSx\Data\_extracted\nasa_ames\4. BatteryAgingARC_45_46_47_48\B0048.mat
B0048,137,24.0,2010-08-10T17:04:18Z,0.0841713933195508,0.25411938105230836,C:\Users\Craig\OneDrive\Desktop\Alnoris BMSx\Data\_extracted\nasa_ames\4. BatteryAgingARC_45_46_47_48\B0048.mat
B0048,139,24.0,2010-08-10T20:41:53Z,0.08036912158201043,0.2302661311627608,C:\Users\Craig\OneDrive\Desktop\Alnoris BMSx\Data\_extracted\nasa_ames\4. BatteryAgingARC_45_46_47_48\B0048.mat
B0048,149,24.0,2010-08-11T15:53:17Z,0.08362968998221829,0.2504185633386431,C:\Users\Craig\OneDrive\Desktop\Alnoris BMSx\Data\_extracted\nasa_ames\4. BatteryAgingARC_45_46_47_48\B0048.mat
B0048,151,24.0,2010-08-11T19:30:44Z,0.07877728810882173,0.23721692866806598,C:\Users\Craig\OneDrive\Desktop\Alnoris BMSx\Data\_extracted\nasa_ames\4. BatteryAgingARC_45_46_47_48\B0048.mat
B0048,153,24.0,2010-08-12T13:55:19Z,0.08376647422247421,0.24765628855715335,C:\Users\Craig\OneDrive\Desktop\Alnoris BMSx\Data\_extracted\nasa_ames\4. BatteryAgingARC_45_46_47_48\B0048.mat
B0048,155,24.0,2010-08-12T17:32:50Z,0.07991775295486524,0.2320164334146056,C:\Users\Craig\OneDrive\Desktop\Alnoris BMSx\Data\_extracted\nasa_ames\4. BatteryAgingARC_45_46_47_48\B0048.mat
B0048,165,24.0,2010-08-13T11:55:20Z,0.08287926735182807,0.22083120089240874,C:\Users\Craig\OneDrive\Desktop\Alnoris BMSx\Data\_extracted\nasa_ames\4. BatteryAgingARC_45_46_47_48\B0048.mat
B0048,167,24.0,2010-08-13T15:32:55Z,0.08165257707052542,0.23312870269555291,C:\Users\Craig\OneDrive\Desktop\Alnoris BMSx\Data\_extracted\nasa_ames\4. BatteryAgingARC_45_46_47_48\B0048.mat
B0048,169,24.0,2010-08-16T12:24:17Z,0.08140827254834927,0.24225861339361615,C:\Users\Craig\OneDrive\Desktop\Alnoris BMSx\Data\_extracted\nasa_ames\4. BatteryAgingARC_45_46_47_48\B0048.mat
B0048,171,24.0,2010-08-16T16:01:52Z,0.08005082460847865,0.2193824296361437,C:\Users\Craig\OneDrive\Desktop\Alnoris BMSx\Data\_extracted\nasa_ames\4. BatteryAgingARC_45_46_47_48\B0048.mat
B0048,181,24.0,2010-08-17T11:12:01Z,0.08236120368960732,0.25452655594987594,C:\Users\Craig\OneDrive\Desktop\Alnoris BMSx\Data\_extracted\nasa_ames\4. BatteryAgingARC_45_46_47_48\B0048.mat
B0048,183,24.0,2010-08-17T14:49:38Z,0.08052683359122734,0.2257253229535857,C:\Users\Craig\OneDrive\Desktop\Alnoris BMSx\Data\_extracted\nasa_ames\4. BatteryAgingARC_45_46_47_48\B0048.mat
